Unique Key,Product ID,Variant ID,SKU,Product,Variant,Product Type,Vendor,Collections,Price,Compare At Price,Currency,Available,Option 1,Option 2,Option 3,Handle,URL,Last Seen
VARIANT:41913034932360,7893479751816,41913034932360,92355158,Carabin Lock Bracelet,15,,Hand crafted in 18k white gold,Carabin,15700,,USD,YES,15,,,carabin-bracelet-white-gold,https://jacobandco.shop/products/carabin-bracelet-white-gold,2026-08-19 05:22:54
VARIANT:41913047023752,7893492138120,41913047023752,92355158,Carabin Lock Bracelet,15,,Hand crafted in 18k rose gold,Carabin,15700,,USD,YES,15,,,carabin-bracelet-rose-gold,https://jacobandco.shop/products/carabin-bracelet-rose-gold,2026-08-19 05:22:54
VARIANT:41913063604360,7893504983176,41913063604360,,Carabin Lock Bracelet,15,,Hand crafted in 18k yellow gold,Carabin,15700,,USD,YES,15,,,carabin-bracelet-yellow-gold,https://jacobandco.shop/products/carabin-bracelet-yellow-gold,2026-08-19 05:22:54
VARIANT:41913034965128,7893479751816,41913034965128,92354977,Carabin Lock Bracelet,16,,Hand crafted in 18k white gold,Carabin,15700,,USD,YES,16,,,carabin-bracelet-white-gold,https://jacobandco.shop/products/carabin-bracelet-white-gold,2026-08-19 05:22:54
VARIANT:41913047056520,7893492138120,41913047056520,92354977,Carabin Lock Bracelet,16,,Hand crafted in 18k rose gold,Carabin,15700,,USD,YES,16,,,carabin-bracelet-rose-gold,https://jacobandco.shop/products/carabin-bracelet-rose-gold,2026-08-19 05:22:54
VARIANT:41913063637128,7893504983176,41913063637128,,Carabin Lock Bracelet,16,,Hand crafted in 18k yellow gold,Carabin,15700,,USD,YES,16,,,carabin-bracelet-yellow-gold,https://jacobandco.shop/products/carabin-bracelet-yellow-gold,2026-08-19 05:22:54
VARIANT:41913034997896,7893479751816,41913034997896,92354978,Carabin Lock Bracelet,17,,Hand crafted in 18k white gold,Carabin,15700,,USD,YES,17,,,carabin-bracelet-white-gold,https://jacobandco.shop/products/carabin-bracelet-white-gold,2026-08-19 05:22:54
VARIANT:41913047089288,7893492138120,41913047089288,92354978,Carabin Lock Bracelet,17,,Hand crafted in 18k rose gold,Carabin,15700,,USD,YES,17,,,carabin-bracelet-rose-gold,https://jacobandco.shop/products/carabin-bracelet-rose-gold,2026-08-19 05:22:54
VARIANT:41913063669896,7893504983176,41913063669896,,Carabin Lock Bracelet,17,,Hand crafted in 18k yellow gold,Carabin,15700,,USD,YES,17,,,carabin-bracelet-yellow-gold,https://jacobandco.shop/products/carabin-bracelet-yellow-gold,2026-08-19 05:22:54
VARIANT:41913035030664,7893479751816,41913035030664,92354979,Carabin Lock Bracelet,18,,Hand crafted in 18k white gold,Carabin,15700,,USD,YES,18,,,carabin-bracelet-white-gold,https://jacobandco.shop/products/carabin-bracelet-white-gold,2026-08-19 05:22:54
VARIANT:41913047122056,7893492138120,41913047122056,92354979,Carabin Lock Bracelet,18,,Hand crafted in 18k rose gold,Carabin,15700,,USD,YES,18,,,carabin-bracelet-rose-gold,https://jacobandco.shop/products/carabin-bracelet-rose-gold,2026-08-19 05:22:54
VARIANT:41913063702664,7893504983176,41913063702664,,Carabin Lock Bracelet,18,,Hand crafted in 18k yellow gold,Carabin,15700,,USD,YES,18,,,carabin-bracelet-yellow-gold,https://jacobandco.shop/products/carabin-bracelet-yellow-gold,2026-08-19 05:22:54
VARIANT:41913035063432,7893479751816,41913035063432,92356677,Carabin Lock Bracelet,19,,Hand crafted in 18k white gold,Carabin,23800,,USD,YES,19,,,carabin-bracelet-white-gold,https://jacobandco.shop/products/carabin-bracelet-white-gold,2026-08-19 05:22:54
VARIANT:41913047154824,7893492138120,41913047154824,92354980,Carabin Lock Bracelet,19,,Hand crafted in 18k rose gold,Carabin,23800,,USD,YES,19,,,carabin-bracelet-rose-gold,https://jacobandco.shop/products/carabin-bracelet-rose-gold,2026-08-19 05:22:54
VARIANT:41913063735432,7893504983176,41913063735432,,Carabin Lock Bracelet,19,,Hand crafted in 18k yellow gold,Carabin,23800,,USD,YES,19,,,carabin-bracelet-yellow-gold,https://jacobandco.shop/products/carabin-bracelet-yellow-gold,2026-08-19 05:22:54
VARIANT:41913035096200,7893479751816,41913035096200,92354981,Carabin Lock Bracelet,20,,Hand crafted in 18k white gold,Carabin,23800,,USD,YES,20,,,carabin-bracelet-white-gold,https://jacobandco.shop/products/carabin-bracelet-white-gold,2026-08-19 05:22:54
VARIANT:41913047187592,7893492138120,41913047187592,92354981,Carabin Lock Bracelet,20,,Hand crafted in 18k rose gold,Carabin,23800,,USD,YES,20,,,carabin-bracelet-rose-gold,https://jacobandco.shop/products/carabin-bracelet-rose-gold,2026-08-19 05:22:54
VARIANT:41913063768200,7893504983176,41913063768200,,Carabin Lock Bracelet,20,,Hand crafted in 18k yellow gold,Carabin,23800,,USD,YES,20,,,carabin-bracelet-yellow-gold,https://jacobandco.shop/products/carabin-bracelet-yellow-gold,2026-08-19 05:22:54
VARIANT:41912966480008,7893419131016,41912966480008,,Carabin Lock Diamond Bracelet,15,,Hand crafted in 18k rose gold and white diamonds,Carabin,17800,,USD,YES,15,,,carabin-diamond-bracelet-rose-gold,https://jacobandco.shop/products/carabin-diamond-bracelet-rose-gold,2026-08-19 05:22:54
VARIANT:41913013239944,7893457141896,41913013239944,,Carabin Lock Diamond Bracelet,15,,Hand crafted in 18k white gold and white diamonds,Carabin,17800,,USD,YES,15,,,carabin-diamond-bracelet-white-gold,https://jacobandco.shop/products/carabin-diamond-bracelet-white-gold,2026-08-19 05:22:54
VARIANT:41913025855624,7893471232136,41913025855624,,Carabin Lock Diamond Bracelet,15,,Hand crafted in 18k yellow gold and white diamonds,Carabin,17800,,USD,YES,15,,,carabin-diamond-bracelet-yellow-gold,https://jacobandco.shop/products/carabin-diamond-bracelet-yellow-gold,2026-08-19 05:22:54
VARIANT:41912966512776,7893419131016,41912966512776,92355159,Carabin Lock Diamond Bracelet,16,,Hand crafted in 18k rose gold and white diamonds,Carabin,17800,,USD,YES,16,,,carabin-diamond-bracelet-rose-gold,https://jacobandco.shop/products/carabin-diamond-bracelet-rose-gold,2026-08-19 05:22:54
VARIANT:41913013272712,7893457141896,41913013272712,,Carabin Lock Diamond Bracelet,16,,Hand crafted in 18k white gold and white diamonds,Carabin,17800,,USD,YES,16,,,carabin-diamond-bracelet-white-gold,https://jacobandco.shop/products/carabin-diamond-bracelet-white-gold,2026-08-19 05:22:54
VARIANT:41913025888392,7893471232136,41913025888392,,Carabin Lock Diamond Bracelet,16,,Hand crafted in 18k yellow gold and white diamonds,Carabin,17800,,USD,YES,16,,,carabin-diamond-bracelet-yellow-gold,https://jacobandco.shop/products/carabin-diamond-bracelet-yellow-gold,2026-08-19 05:22:54
VARIANT:41912966545544,7893419131016,41912966545544,,Carabin Lock Diamond Bracelet,17,,Hand crafted in 18k rose gold and white diamonds,Carabin,17800,,USD,YES,17,,,carabin-diamond-bracelet-rose-gold,https://jacobandco.shop/products/carabin-diamond-bracelet-rose-gold,2026-08-19 05:22:54
VARIANT:41913013305480,7893457141896,41913013305480,,Carabin Lock Diamond Bracelet,17,,Hand crafted in 18k white gold and white diamonds,Carabin,17800,,USD,YES,17,,,carabin-diamond-bracelet-white-gold,https://jacobandco.shop/products/carabin-diamond-bracelet-white-gold,2026-08-19 05:22:54
VARIANT:41913025921160,7893471232136,41913025921160,,Carabin Lock Diamond Bracelet,17,,Hand crafted in 18k yellow gold and white diamonds,Carabin,17800,,USD,YES,17,,,carabin-diamond-bracelet-yellow-gold,https://jacobandco.shop/products/carabin-diamond-bracelet-yellow-gold,2026-08-19 05:22:54
VARIANT:41912966578312,7893419131016,41912966578312,92458146,Carabin Lock Diamond Bracelet,18,,Hand crafted in 18k rose gold and white diamonds,Carabin,17800,,USD,YES,18,,,carabin-diamond-bracelet-rose-gold,https://jacobandco.shop/products/carabin-diamond-bracelet-rose-gold,2026-08-19 05:22:54
VARIANT:41913013338248,7893457141896,41913013338248,,Carabin Lock Diamond Bracelet,18,,Hand crafted in 18k white gold and white diamonds,Carabin,17800,,USD,YES,18,,,carabin-diamond-bracelet-white-gold,https://jacobandco.shop/products/carabin-diamond-bracelet-white-gold,2026-08-19 05:22:54
VARIANT:41913025953928,7893471232136,41913025953928,92458158,Carabin Lock Diamond Bracelet,18,,Hand crafted in 18k yellow gold and white diamonds,Carabin,17800,,USD,YES,18,,,carabin-diamond-bracelet-yellow-gold,https://jacobandco.shop/products/carabin-diamond-bracelet-yellow-gold,2026-08-19 05:22:54
VARIANT:41912986796168,7893419131016,41912986796168,92458156,Carabin Lock Diamond Bracelet,19,,Hand crafted in 18k rose gold and white diamonds,Carabin,25600,,USD,YES,19,,,carabin-diamond-bracelet-rose-gold,https://jacobandco.shop/products/carabin-diamond-bracelet-rose-gold,2026-08-19 05:22:54
VARIANT:41913013371016,7893457141896,41913013371016,,Carabin Lock Diamond Bracelet,19,,Hand crafted in 18k white gold and white diamonds,Carabin,25600,,USD,YES,19,,,carabin-diamond-bracelet-white-gold,https://jacobandco.shop/products/carabin-diamond-bracelet-white-gold,2026-08-19 05:22:54
VARIANT:41913025986696,7893471232136,41913025986696,92458159,Carabin Lock Diamond Bracelet,19,,Hand crafted in 18k yellow gold and white diamonds,Carabin,25600,,USD,YES,19,,,carabin-diamond-bracelet-yellow-gold,https://jacobandco.shop/products/carabin-diamond-bracelet-yellow-gold,2026-08-19 05:22:54
VARIANT:41912986828936,7893419131016,41912986828936,,Carabin Lock Diamond Bracelet,20,,Hand crafted in 18k rose gold and white diamonds,Carabin,25600,,USD,YES,20,,,carabin-diamond-bracelet-rose-gold,https://jacobandco.shop/products/carabin-diamond-bracelet-rose-gold,2026-08-19 05:22:54
VARIANT:41913013403784,7893457141896,41913013403784,,Carabin Lock Diamond Bracelet,20,,Hand crafted in 18k white gold and white diamonds,Carabin,25600,,USD,YES,20,,,carabin-diamond-bracelet-white-gold,https://jacobandco.shop/products/carabin-diamond-bracelet-white-gold,2026-08-19 05:22:54
VARIANT:41913026019464,7893471232136,41913026019464,,Carabin Lock Diamond Bracelet,20,,Hand crafted in 18k yellow gold and white diamonds,Carabin,25600,,USD,YES,20,,,carabin-diamond-bracelet-yellow-gold,https://jacobandco.shop/products/carabin-diamond-bracelet-yellow-gold,2026-08-19 05:22:54
VARIANT:42868856619144,8336351133832,42868856619144,92457151,Celestial Necklace,Default Title,,"Hand crafted in 18k rose gold and set with 32 high-quality round brilliant cut diamonds, reversible blue or black enamel",Zodiac,17600,,USD,YES,Default Title,,,celestial-pendant,https://jacobandco.shop/products/celestial-pendant,2026-08-19 05:22:54
VARIANT:42304776798344,6830249836680,42304776798344,92457272,Cuban Link Bracelet,18cm,,Hand crafted in 18k rose gold and set with 713 high-quality round brilliant cut pink sapphires,Cuban Link,30500,,USD,YES,18cm,,,cuban-link-bracelet-3,https://jacobandco.shop/products/cuban-link-bracelet-3,2026-08-19 05:22:54
VARIANT:42304778666120,6830258323592,42304778666120,91945249,Cuban Link Bracelet,21cm,,"Hand crafted in 18k black plated gold and set with 1,502 high-quality round brilliant cut black diamonds",Cuban Link,43600,,USD,YES,21cm,,,cuban-link-bracelet-1,https://jacobandco.shop/products/cuban-link-bracelet-1,2026-08-19 05:22:54
VARIANT:42304779518088,6830261141640,42304779518088,91843266,Cuban Link Bracelet,21cm,,"Hand crafted in 18k white gold and set with 1,385 high-quality round brilliant cut blue sapphires",Cuban Link,45800,,USD,YES,21cm,,,cuban-link-bracelet-2,https://jacobandco.shop/products/cuban-link-bracelet-2,2026-08-19 05:22:54
VARIANT:42304780173448,6830267138184,42304780173448,92150008,Cuban Link Bracelet,21cm,,"Hand crafted in 18k rose gold and set with 1,502 high-quality round brilliant cut rubies",Cuban Link,45800,,USD,YES,21cm,,,cuban-link-bracelet-5,https://jacobandco.shop/products/cuban-link-bracelet-5,2026-08-19 05:22:54
VARIANT:42304781549704,6830264320136,42304781549704,92148427,Cuban Link Bracelet,21cm,,"Hand crafted in 18k white gold and set with 1,502 high-quality round brilliant cut diamonds",Cuban Link,65500,,USD,YES,21cm,,,cuban-link-bracelet-4,https://jacobandco.shop/products/cuban-link-bracelet-4,2026-08-19 05:22:54
VARIANT:42304783089800,6830269825160,42304783089800,92150010,Cuban Link Bracelet,21cm,,"Hand crafted in 18k rose gold and set with 1,502 high-quality round brilliant cut diamonds",Cuban Link,65500,,USD,YES,21cm,,,cuban-link-bracelet-6,https://jacobandco.shop/products/cuban-link-bracelet-6,2026-08-19 05:22:54
VARIANT:42080272744584,7958049128584,42080272744584,92457340,Cuban Link Necklace,Default Title,,"Hand crafted in 18k rose gold and set with 1,481 high-quality round brilliant cut pink sapphires",Cuban Link,63800,,USD,YES,Default Title,,,cuban-link-necklace,https://jacobandco.shop/products/cuban-link-necklace,2026-08-19 05:22:54
VARIANT:40123532378248,6830272544904,40123532378248,91638244,Espada Bangle,Default Title,,Hand crafted in 18k rose gold and set with 4 high-quality round brilliant cut diamonds,Espada,20500,,USD,YES,Default Title,,,espada-bracelet-1,https://jacobandco.shop/products/espada-bracelet-1,2026-08-19 05:22:54
VARIANT:40216440373384,6830276247688,40216440373384,91638243-3,Espada Ring,3,,Hand crafted in 18k rose gold and set with 4 high-quality round brilliant cut diamonds,Espada,5900,,USD,YES,3,,,espada-ring,https://jacobandco.shop/products/espada-ring,2026-08-19 05:22:54
VARIANT:40216446271624,6834371559560,40216446271624,91637478-3,Espada Ring,3,,Hand crafted in 18k white gold and set with 155 high-quality round brilliant cut diamonds,Espada,14200,,USD,YES,3,,,espada-ring-1,https://jacobandco.shop/products/espada-ring-1,2026-08-19 05:22:54
VARIANT:40216440406152,6830276247688,40216440406152,91638243-4,Espada Ring,4,,Hand crafted in 18k rose gold and set with 4 high-quality round brilliant cut diamonds,Espada,5900,,USD,YES,4,,,espada-ring,https://jacobandco.shop/products/espada-ring,2026-08-19 05:22:54
VARIANT:40216446304392,6834371559560,40216446304392,91637479-4,Espada Ring,4,,Hand crafted in 18k white gold and set with 155 high-quality round brilliant cut diamonds,Espada,14200,,USD,YES,4,,,espada-ring-1,https://jacobandco.shop/products/espada-ring-1,2026-08-19 05:22:54
VARIANT:40331205804168,6830276247688,40331205804168,91638243-4.5,Espada Ring,4.5,,Hand crafted in 18k rose gold and set with 4 high-quality round brilliant cut diamonds,Espada,5900,,USD,YES,4.5,,,espada-ring,https://jacobandco.shop/products/espada-ring,2026-08-19 05:22:54
VARIANT:40331242242184,6834371559560,40331242242184,91637478-4.5,Espada Ring,4.5,,Hand crafted in 18k white gold and set with 155 high-quality round brilliant cut diamonds,Espada,14200,,USD,YES,4.5,,,espada-ring-1,https://jacobandco.shop/products/espada-ring-1,2026-08-19 05:22:54
VARIANT:40216440438920,6830276247688,40216440438920,91638243-5,Espada Ring,5,,Hand crafted in 18k rose gold and set with 4 high-quality round brilliant cut diamonds,Espada,5900,,USD,YES,5,,,espada-ring,https://jacobandco.shop/products/espada-ring,2026-08-19 05:22:54
VARIANT:40216446337160,6834371559560,40216446337160,91637480-5,Espada Ring,5,,Hand crafted in 18k white gold and set with 155 high-quality round brilliant cut diamonds,Espada,14200,,USD,YES,5,,,espada-ring-1,https://jacobandco.shop/products/espada-ring-1,2026-08-19 05:22:54
VARIANT:40331205902472,6830276247688,40331205902472,91638243-5.5,Espada Ring,5.5,,Hand crafted in 18k rose gold and set with 4 high-quality round brilliant cut diamonds,Espada,5900,,USD,YES,5.5,,,espada-ring,https://jacobandco.shop/products/espada-ring,2026-08-19 05:22:54
VARIANT:40331242635400,6834371559560,40331242635400,91637478-5.5,Espada Ring,5.5,,Hand crafted in 18k white gold and set with 155 high-quality round brilliant cut diamonds,Espada,14200,,USD,YES,5.5,,,espada-ring-1,https://jacobandco.shop/products/espada-ring-1,2026-08-19 05:22:54
VARIANT:40216440471688,6830276247688,40216440471688,91638243-6,Espada Ring,6,,Hand crafted in 18k rose gold and set with 4 high-quality round brilliant cut diamonds,Espada,5900,,USD,YES,6,,,espada-ring,https://jacobandco.shop/products/espada-ring,2026-08-19 05:22:54
VARIANT:40216446369928,6834371559560,40216446369928,91637481-6,Espada Ring,6,,Hand crafted in 18k white gold and set with 155 high-quality round brilliant cut diamonds,Espada,14200,,USD,YES,6,,,espada-ring-1,https://jacobandco.shop/products/espada-ring-1,2026-08-19 05:22:54
VARIANT:40317889872008,6830276247688,40317889872008,91638243-6.5,Espada Ring,6.5,,Hand crafted in 18k rose gold and set with 4 high-quality round brilliant cut diamonds,Espada,5900,,USD,YES,6.5,,,espada-ring,https://jacobandco.shop/products/espada-ring,2026-08-19 05:22:54
VARIANT:40331242963080,6834371559560,40331242963080,91637478-6.5,Espada Ring,6.5,,Hand crafted in 18k white gold and set with 155 high-quality round brilliant cut diamonds,Espada,14200,,USD,YES,6.5,,,espada-ring-1,https://jacobandco.shop/products/espada-ring-1,2026-08-19 05:22:54
VARIANT:40216440504456,6830276247688,40216440504456,91638243-7,Espada Ring,7,,Hand crafted in 18k rose gold and set with 4 high-quality round brilliant cut diamonds,Espada,5900,,USD,YES,7,,,espada-ring,https://jacobandco.shop/products/espada-ring,2026-08-19 05:22:54
VARIANT:40216446402696,6834371559560,40216446402696,91637482-7,Espada Ring,7,,Hand crafted in 18k white gold and set with 155 high-quality round brilliant cut diamonds,Espada,14200,,USD,YES,7,,,espada-ring-1,https://jacobandco.shop/products/espada-ring-1,2026-08-19 05:22:54
VARIANT:40331206393992,6830276247688,40331206393992,91638243-7.5,Espada Ring,7.5,,Hand crafted in 18k rose gold and set with 4 high-quality round brilliant cut diamonds,Espada,5900,,USD,YES,7.5,,,espada-ring,https://jacobandco.shop/products/espada-ring,2026-08-19 05:22:54
VARIANT:40331243061384,6834371559560,40331243061384,91637478-7.5,Espada Ring,7.5,,Hand crafted in 18k white gold and set with 155 high-quality round brilliant cut diamonds,Espada,14200,,USD,YES,7.5,,,espada-ring-1,https://jacobandco.shop/products/espada-ring-1,2026-08-19 05:22:54
VARIANT:40216440537224,6830276247688,40216440537224,91638243-8,Espada Ring,8,,Hand crafted in 18k rose gold and set with 4 high-quality round brilliant cut diamonds,Espada,5900,,USD,YES,8,,,espada-ring,https://jacobandco.shop/products/espada-ring,2026-08-19 05:22:54
VARIANT:40216446435464,6834371559560,40216446435464,91637483-8,Espada Ring,8,,Hand crafted in 18k white gold and set with 155 high-quality round brilliant cut diamonds,Espada,14200,,USD,YES,8,,,espada-ring-1,https://jacobandco.shop/products/espada-ring-1,2026-08-19 05:22:54
VARIANT:40331206721672,6830276247688,40331206721672,91638243-8.5,Espada Ring,8.5,,Hand crafted in 18k rose gold and set with 4 high-quality round brilliant cut diamonds,Espada,5900,,USD,YES,8.5,,,espada-ring,https://jacobandco.shop/products/espada-ring,2026-08-19 05:22:54
VARIANT:40331243421832,6834371559560,40331243421832,91637478-8.5,Espada Ring,8.5,,Hand crafted in 18k white gold and set with 155 high-quality round brilliant cut diamonds,Espada,14200,,USD,YES,8.5,,,espada-ring-1,https://jacobandco.shop/products/espada-ring-1,2026-08-19 05:22:54
VARIANT:41236021772424,6920624078984,41236021772424,92355919,Estribo Bangle,15,,Hand crafted in 18k white gold and set with high-quality round brilliant cut diamonds,Estribo,23000,,USD,YES,15,,,estribo-bangle-4,https://jacobandco.shop/products/estribo-bangle-4,2026-08-19 05:22:54
VARIANT:41444734369928,6826032365704,41444734369928,92354718,Estribo Bangle,15,,Hand crafted in 18k rose gold,Estribo,14000,,USD,YES,15,,,estribo-bracelet-2,https://jacobandco.shop/products/estribo-bracelet-2,2026-08-19 05:22:54
VARIANT:41444749574280,6826038657160,41444749574280,92353885,Estribo Bangle,15,,Hand crafted in 18k rose gold and set with high-quality round brilliant cut diamonds,Estribo,23000,,USD,YES,15,,,estribo-bracelet-1,https://jacobandco.shop/products/estribo-bracelet-1,2026-08-19 05:22:54
VARIANT:41444752064648,6830278508680,41444752064648,92354226,Estribo Bangle,15,,Hand crafted in 18k rose gold and set with high-quality round brilliant cut diamonds,Estribo,36000,,USD,YES,15,,,estribo-bracelet-3,https://jacobandco.shop/products/estribo-bracelet-3,2026-08-19 05:22:54
VARIANT:43076853170312,8417966522504,43076853170312,92353887,Estribo Bangle,15,,Hand crafted in 18k white gold and set with high-quality round brilliant cut diamonds,Estribo,36000,,USD,YES,15,,,estribo-bangle-white-gold-pave,https://jacobandco.shop/products/estribo-bangle-white-gold-pave,2026-08-19 05:22:54
VARIANT:41444734402696,6826032365704,41444734402696,92354718,Estribo Bangle,16,,Hand crafted in 18k rose gold,Estribo,14000,,USD,YES,16,,,estribo-bracelet-2,https://jacobandco.shop/products/estribo-bracelet-2,2026-08-19 05:22:54
VARIANT:41444744396936,6920624078984,41444744396936,92355919,Estribo Bangle,16,,Hand crafted in 18k white gold and set with high-quality round brilliant cut diamonds,Estribo,23000,,USD,YES,16,,,estribo-bangle-4,https://jacobandco.shop/products/estribo-bangle-4,2026-08-19 05:22:54
VARIANT:41444749607048,6826038657160,41444749607048,92353885,Estribo Bangle,16,,Hand crafted in 18k rose gold and set with high-quality round brilliant cut diamonds,Estribo,23000,,USD,YES,16,,,estribo-bracelet-1,https://jacobandco.shop/products/estribo-bracelet-1,2026-08-19 05:22:54
VARIANT:41444752097416,6830278508680,41444752097416,92354226,Estribo Bangle,16,,Hand crafted in 18k rose gold and set with high-quality round brilliant cut diamonds,Estribo,36000,,USD,YES,16,,,estribo-bracelet-3,https://jacobandco.shop/products/estribo-bracelet-3,2026-08-19 05:22:54
VARIANT:43076853203080,8417966522504,43076853203080,92353887,Estribo Bangle,16,,Hand crafted in 18k white gold and set with high-quality round brilliant cut diamonds,Estribo,36000,,USD,YES,16,,,estribo-bangle-white-gold-pave,https://jacobandco.shop/products/estribo-bangle-white-gold-pave,2026-08-19 05:22:54
VARIANT:41444734435464,6826032365704,41444734435464,92354718,Estribo Bangle,17,,Hand crafted in 18k rose gold,Estribo,14000,,USD,YES,17,,,estribo-bracelet-2,https://jacobandco.shop/products/estribo-bracelet-2,2026-08-19 05:22:54
VARIANT:41444744429704,6920624078984,41444744429704,92355919,Estribo Bangle,17,,Hand crafted in 18k white gold and set with high-quality round brilliant cut diamonds,Estribo,23000,,USD,YES,17,,,estribo-bangle-4,https://jacobandco.shop/products/estribo-bangle-4,2026-08-19 05:22:54
VARIANT:41444749639816,6826038657160,41444749639816,92353885,Estribo Bangle,17,,Hand crafted in 18k rose gold and set with high-quality round brilliant cut diamonds,Estribo,23000,,USD,YES,17,,,estribo-bracelet-1,https://jacobandco.shop/products/estribo-bracelet-1,2026-08-19 05:22:54
VARIANT:41444752130184,6830278508680,41444752130184,92354226,Estribo Bangle,17,,Hand crafted in 18k rose gold and set with high-quality round brilliant cut diamonds,Estribo,36000,,USD,YES,17,,,estribo-bracelet-3,https://jacobandco.shop/products/estribo-bracelet-3,2026-08-19 05:22:54
VARIANT:43076853235848,8417966522504,43076853235848,92353887,Estribo Bangle,17,,Hand crafted in 18k white gold and set with high-quality round brilliant cut diamonds,Estribo,36000,,USD,YES,17,,,estribo-bangle-white-gold-pave,https://jacobandco.shop/products/estribo-bangle-white-gold-pave,2026-08-19 05:22:54
VARIANT:41444734468232,6826032365704,41444734468232,92354718,Estribo Bangle,18,,Hand crafted in 18k rose gold,Estribo,16000,,USD,YES,18,,,estribo-bracelet-2,https://jacobandco.shop/products/estribo-bracelet-2,2026-08-19 05:22:54
VARIANT:41444744462472,6920624078984,41444744462472,92355919,Estribo Bangle,18,,Hand crafted in 18k white gold and set with high-quality round brilliant cut diamonds,Estribo,25000,,USD,YES,18,,,estribo-bangle-4,https://jacobandco.shop/products/estribo-bangle-4,2026-08-19 05:22:54
VARIANT:41444749672584,6826038657160,41444749672584,92353885,Estribo Bangle,18,,Hand crafted in 18k rose gold and set with high-quality round brilliant cut diamonds,Estribo,25000,0,USD,YES,18,,,estribo-bracelet-1,https://jacobandco.shop/products/estribo-bracelet-1,2026-08-19 05:22:54
VARIANT:41444752162952,6830278508680,41444752162952,92354226,Estribo Bangle,18,,Hand crafted in 18k rose gold and set with high-quality round brilliant cut diamonds,Estribo,38000,,USD,YES,18,,,estribo-bracelet-3,https://jacobandco.shop/products/estribo-bracelet-3,2026-08-19 05:22:54
VARIANT:43076853268616,8417966522504,43076853268616,92353887,Estribo Bangle,18,,Hand crafted in 18k white gold and set with high-quality round brilliant cut diamonds,Estribo,38000,,USD,YES,18,,,estribo-bangle-white-gold-pave,https://jacobandco.shop/products/estribo-bangle-white-gold-pave,2026-08-19 05:22:54
VARIANT:41444734501000,6826032365704,41444734501000,92354718,Estribo Bangle,19,,Hand crafted in 18k rose gold,Estribo,16000,,USD,YES,19,,,estribo-bracelet-2,https://jacobandco.shop/products/estribo-bracelet-2,2026-08-19 05:22:54
VARIANT:41444744495240,6920624078984,41444744495240,92355919,Estribo Bangle,19,,Hand crafted in 18k white gold and set with high-quality round brilliant cut diamonds,Estribo,25000,,USD,YES,19,,,estribo-bangle-4,https://jacobandco.shop/products/estribo-bangle-4,2026-08-19 05:22:54
VARIANT:41444749705352,6826038657160,41444749705352,92353885,Estribo Bangle,19,,Hand crafted in 18k rose gold and set with high-quality round brilliant cut diamonds,Estribo,25000,0,USD,YES,19,,,estribo-bracelet-1,https://jacobandco.shop/products/estribo-bracelet-1,2026-08-19 05:22:54
VARIANT:41444752195720,6830278508680,41444752195720,92354226,Estribo Bangle,19,,Hand crafted in 18k rose gold and set with high-quality round brilliant cut diamonds,Estribo,38000,,USD,YES,19,,,estribo-bracelet-3,https://jacobandco.shop/products/estribo-bracelet-3,2026-08-19 05:22:54
VARIANT:43076853301384,8417966522504,43076853301384,92353887,Estribo Bangle,19,,Hand crafted in 18k white gold and set with high-quality round brilliant cut diamonds,Estribo,38000,,USD,YES,19,,,estribo-bangle-white-gold-pave,https://jacobandco.shop/products/estribo-bangle-white-gold-pave,2026-08-19 05:22:54
VARIANT:41444734533768,6826032365704,41444734533768,92354718,Estribo Bangle,20,,Hand crafted in 18k rose gold,Estribo,16000,,USD,YES,20,,,estribo-bracelet-2,https://jacobandco.shop/products/estribo-bracelet-2,2026-08-19 05:22:54
VARIANT:41444744528008,6920624078984,41444744528008,92355919,Estribo Bangle,20,,Hand crafted in 18k white gold and set with high-quality round brilliant cut diamonds,Estribo,25000,,USD,YES,20,,,estribo-bangle-4,https://jacobandco.shop/products/estribo-bangle-4,2026-08-19 05:22:54
VARIANT:41444749738120,6826038657160,41444749738120,92353885,Estribo Bangle,20,,Hand crafted in 18k rose gold and set with high-quality round brilliant cut diamonds,Estribo,25000,0,USD,YES,20,,,estribo-bracelet-1,https://jacobandco.shop/products/estribo-bracelet-1,2026-08-19 05:22:54
VARIANT:41444752228488,6830278508680,41444752228488,92354226,Estribo Bangle,20,,Hand crafted in 18k rose gold and set with high-quality round brilliant cut diamonds,Estribo,38000,,USD,YES,20,,,estribo-bracelet-3,https://jacobandco.shop/products/estribo-bracelet-3,2026-08-19 05:22:54
VARIANT:43076853334152,8417966522504,43076853334152,92353887,Estribo Bangle,20,,Hand crafted in 18k white gold and set with high-quality round brilliant cut diamonds,Estribo,38000,,USD,YES,20,,,estribo-bangle-white-gold-pave,https://jacobandco.shop/products/estribo-bangle-white-gold-pave,2026-08-19 05:22:54
VARIANT:41938991710344,7908227285128,41938991710344,92457655,Estribo Earrings,Default Title,,Hand crafted in 18k rose gold and set with high-quality round brilliant-cut white diamonds,Estribo,17500,,USD,YES,Default Title,,,estribo-earrings,https://jacobandco.shop/products/estribo-earrings,2026-08-19 05:22:54
VARIANT:41939233013896,7908287447176,41939233013896,92457656,Estribo Earrings,Default Title,,Hand crafted in 18k white gold and set with high-quality round brilliant-cut white diamonds,Estribo,17500,,USD,YES,Default Title,,,estribo-earrings-white-gold,https://jacobandco.shop/products/estribo-earrings-white-gold,2026-08-19 05:22:54
VARIANT:41939644645512,7908399906952,41939644645512,92457655,Estribo Earrings,Default Title,,Hand crafted in 18k yellow gold and set with high-quality round brilliant-cut white diamonds,Estribo,17500,,USD,YES,Default Title,,,estribo-earrings-yellow-gold,https://jacobandco.shop/products/estribo-earrings-yellow-gold,2026-08-19 05:22:54
VARIANT:40490915233928,6947457859720,40490915233928,92355442-5,Estribo Ring,5,,Hand crafted in 18k rose gold,Estribo,7000,,USD,YES,5,,,estribo-ring-1,https://jacobandco.shop/products/estribo-ring-1,2026-08-19 05:22:54
VARIANT:41304772509832,7546872922248,41304772509832,92355444,Estribo Ring,5,,Hand crafted in 18k rose gold and set with high-quality round brilliant cut diamonds,Estribo,8700,,USD,YES,5,,,estribo-ring-3,https://jacobandco.shop/products/estribo-ring-3,2026-08-19 05:22:54
VARIANT:41304776671368,7546881671304,41304776671368,,Estribo Ring,5,,Hand crafted in 18k rose gold and set with high-quality round brilliant cut diamonds,Estribo,11200,,USD,YES,5,,,estribo-ring-full-pave,https://jacobandco.shop/products/estribo-ring-full-pave,2026-08-19 05:22:54
VARIANT:41320177205384,7561314599048,41320177205384,92355442-5,Estribo Ring,5,,Hand crafted in 18k white gold,Estribo,7000,,USD,YES,5,,,estribo-ring-8,https://jacobandco.shop/products/estribo-ring-8,2026-08-19 05:22:54
VARIANT:41320268005512,7561352347784,41320268005512,,Estribo Ring,5,,Hand crafted in 18k white gold and set with high-quality round brilliant cut diamonds,Estribo,11200,,USD,YES,5,,,estribo-ring-9,https://jacobandco.shop/products/estribo-ring-9,2026-08-19 05:22:54
VARIANT:41320290877576,7561359982728,41320290877576,92355001,Estribo Ring,5,,Hand crafted in 18k white gold and set with 90 high-quality round brilliant cut diamonds,Estribo,8700,,USD,YES,5,,,estribo-ring-10,https://jacobandco.shop/products/estribo-ring-10,2026-08-19 05:22:54
VARIANT:40490915299464,6947457859720,40490915299464,92355442-6,Estribo Ring,6,,Hand crafted in 18k rose gold,Estribo,7000,,USD,YES,6,,,estribo-ring-1,https://jacobandco.shop/products/estribo-ring-1,2026-08-19 05:22:54
VARIANT:41304772575368,7546872922248,41304772575368,92355444,Estribo Ring,6,,Hand crafted in 18k rose gold and set with high-quality round brilliant cut diamonds,Estribo,8700,,USD,YES,6,,,estribo-ring-3,https://jacobandco.shop/products/estribo-ring-3,2026-08-19 05:22:54
VARIANT:41304776736904,7546881671304,41304776736904,,Estribo Ring,6,,Hand crafted in 18k rose gold and set with high-quality round brilliant cut diamonds,Estribo,11200,,USD,YES,6,,,estribo-ring-full-pave,https://jacobandco.shop/products/estribo-ring-full-pave,2026-08-19 05:22:54
VARIANT:41320177270920,7561314599048,41320177270920,92355442-6,Estribo Ring,6,,Hand crafted in 18k white gold,Estribo,7000,,USD,YES,6,,,estribo-ring-8,https://jacobandco.shop/products/estribo-ring-8,2026-08-19 05:22:54
VARIANT:41320268071048,7561352347784,41320268071048,,Estribo Ring,6,,Hand crafted in 18k white gold and set with high-quality round brilliant cut diamonds,Estribo,11200,,USD,YES,6,,,estribo-ring-9,https://jacobandco.shop/products/estribo-ring-9,2026-08-19 05:22:54
VARIANT:41320290943112,7561359982728,41320290943112,92355001,Estribo Ring,6,,Hand crafted in 18k white gold and set with 90 high-quality round brilliant cut diamonds,Estribo,8700,,USD,YES,6,,,estribo-ring-10,https://jacobandco.shop/products/estribo-ring-10,2026-08-19 05:22:54
VARIANT:40490915365000,6947457859720,40490915365000,92355442-7,Estribo Ring,7,,Hand crafted in 18k rose gold,Estribo,7000,,USD,YES,7,,,estribo-ring-1,https://jacobandco.shop/products/estribo-ring-1,2026-08-19 05:22:54
VARIANT:41304772640904,7546872922248,41304772640904,92355444,Estribo Ring,7,,Hand crafted in 18k rose gold and set with high-quality round brilliant cut diamonds,Estribo,8700,,USD,YES,7,,,estribo-ring-3,https://jacobandco.shop/products/estribo-ring-3,2026-08-19 05:22:54
VARIANT:41304776802440,7546881671304,41304776802440,,Estribo Ring,7,,Hand crafted in 18k rose gold and set with high-quality round brilliant cut diamonds,Estribo,11200,,USD,YES,7,,,estribo-ring-full-pave,https://jacobandco.shop/products/estribo-ring-full-pave,2026-08-19 05:22:54
VARIANT:41320177336456,7561314599048,41320177336456,92355442-7,Estribo Ring,7,,Hand crafted in 18k white gold,Estribo,7000,,USD,YES,7,,,estribo-ring-8,https://jacobandco.shop/products/estribo-ring-8,2026-08-19 05:22:54
VARIANT:41320268136584,7561352347784,41320268136584,,Estribo Ring,7,,Hand crafted in 18k white gold and set with high-quality round brilliant cut diamonds,Estribo,11200,,USD,YES,7,,,estribo-ring-9,https://jacobandco.shop/products/estribo-ring-9,2026-08-19 05:22:54
VARIANT:41320291008648,7561359982728,41320291008648,92355001,Estribo Ring,7,,Hand crafted in 18k white gold and set with 90 high-quality round brilliant cut diamonds,Estribo,8700,,USD,YES,7,,,estribo-ring-10,https://jacobandco.shop/products/estribo-ring-10,2026-08-19 05:22:54
VARIANT:40490915430536,6947457859720,40490915430536,92355442-8,Estribo Ring,8,,Hand crafted in 18k rose gold,Estribo,7000,,USD,YES,8,,,estribo-ring-1,https://jacobandco.shop/products/estribo-ring-1,2026-08-19 05:22:54
VARIANT:41304772706440,7546872922248,41304772706440,92355444,Estribo Ring,8,,Hand crafted in 18k rose gold and set with high-quality round brilliant cut diamonds,Estribo,8700,,USD,YES,8,,,estribo-ring-3,https://jacobandco.shop/products/estribo-ring-3,2026-08-19 05:22:54
VARIANT:41304776867976,7546881671304,41304776867976,,Estribo Ring,8,,Hand crafted in 18k rose gold and set with high-quality round brilliant cut diamonds,Estribo,11200,,USD,YES,8,,,estribo-ring-full-pave,https://jacobandco.shop/products/estribo-ring-full-pave,2026-08-19 05:22:54
VARIANT:41320177401992,7561314599048,41320177401992,92355442-8,Estribo Ring,8,,Hand crafted in 18k white gold,Estribo,7000,,USD,YES,8,,,estribo-ring-8,https://jacobandco.shop/products/estribo-ring-8,2026-08-19 05:22:54
VARIANT:41320268202120,7561352347784,41320268202120,,Estribo Ring,8,,Hand crafted in 18k white gold and set with high-quality round brilliant cut diamonds,Estribo,11200,,USD,YES,8,,,estribo-ring-9,https://jacobandco.shop/products/estribo-ring-9,2026-08-19 05:22:54
VARIANT:41320291074184,7561359982728,41320291074184,92355001,Estribo Ring,8,,Hand crafted in 18k white gold and set with 90 high-quality round brilliant cut diamonds,Estribo,8700,,USD,YES,8,,,estribo-ring-10,https://jacobandco.shop/products/estribo-ring-10,2026-08-19 05:22:54
VARIANT:42299310473352,7882536779912,42299310473352,92252267,Evil Eye Diamond Bracelet,18cm,,Hand crafted in 18k rose gold and set with 32 high-quality round brilliant cut diamonds,Evil Eye,3800,,USD,YES,18cm,,,evil-eye-bracelet-3,https://jacobandco.shop/products/evil-eye-bracelet-3,2026-08-19 05:22:54
VARIANT:42299333935240,7882546315400,42299333935240,92252263,Evil Eye Diamond Bracelet,18cm,,Hand crafted in 18k white gold and set with 32 high-quality round brilliant cut diamonds,Evil Eye,3800,,USD,YES,18cm,,,evil-eye-bracelet-6,https://jacobandco.shop/products/evil-eye-bracelet-6,2026-08-19 05:22:54
VARIANT:42299336163464,7882546806920,42299336163464,92252269,Evil Eye Diamond Bracelet,18cm,,Hand crafted in 18k white gold and set with 32 high-quality round brilliant cut diamonds,Evil Eye,3800,,USD,YES,18cm,,,evil-eye-bracelet-8,https://jacobandco.shop/products/evil-eye-bracelet-8,2026-08-19 05:22:54
VARIANT:42299338489992,7882505945224,42299338489992,92252260,Evil Eye Diamond Bracelet,18cm,,Hand crafted in 18k rose gold and set with 32 high-quality round brilliant cut diamonds,Evil Eye,3800,,USD,YES,18cm,,,evil-eye-bracelet,https://jacobandco.shop/products/evil-eye-bracelet,2026-08-19 05:22:54
VARIANT:42304712507528,6825924329608,42304712507528,92561990,Evil Eye Diamond Bracelet,18cm,,Hand crafted in rose gold and set with 44 high-quality round brilliant cut diamonds,Evil Eye,2800,,USD,YES,18cm,,,evil-eye-bracelet-1,https://jacobandco.shop/products/evil-eye-bracelet-1,2026-08-19 05:22:54
VARIANT:42304713621640,6865938481288,42304713621640,92353778,Evil Eye Diamond Bracelet,18cm,,Hand crafted in 18k white gold and set with 32 high-quality round brilliant cut diamonds,Evil Eye,2800,,USD,YES,18cm,,,evil-eye-bracelet-7,https://jacobandco.shop/products/evil-eye-bracelet-7,2026-08-19 05:22:54
VARIANT:42304714571912,6865916395656,42304714571912,92458120,Evil Eye Diamond Bracelet,18cm,,Hand crafted in 18k rose gold and set with 32 high-quality round brilliant cut diamonds,Evil Eye,2800,,USD,YES,18cm,,,evil-eye-bracelet-4,https://jacobandco.shop/products/evil-eye-bracelet-4,2026-08-19 05:22:54
VARIANT:42923146281096,8371072237704,42923146281096,92353779,Evil Eye Diamond Bracelet,18cm,,Hand crafted in 18k rose gold and set with 32 high-quality round brilliant cut diamonds,Evil Eye,2800,,USD,YES,18cm,,,evil-eye-diamond-bracelet-green-eye,https://jacobandco.shop/products/evil-eye-diamond-bracelet-green-eye,2026-08-19 05:22:54
VARIANT:42923162042504,8371076792456,42923162042504,92353776,Evil Eye Diamond Bracelet,18cm,,Hand crafted in 18k white gold and set with 32 high-quality round brilliant cut diamonds,Evil Eye,2800,,USD,YES,18cm,,,evil-eye-diamond-bracelet-blue-eye-in-white-gold,https://jacobandco.shop/products/evil-eye-diamond-bracelet-blue-eye-in-white-gold,2026-08-19 05:22:54
VARIANT:40138238886024,6834381815944,40138238886024,92252272,Evil Eye Diamond Necklace,Default Title,,Hand crafted in 18k white gold and set with 32 high-quality round brilliant cut diamonds,Evil Eye,5000,,USD,YES,Default Title,,,evil-eye-necklace-2,https://jacobandco.shop/products/evil-eye-necklace-2,2026-08-19 05:22:54
VARIANT:40264876785800,6865953194120,40264876785800,92560659,Evil Eye Diamond Necklace,Default Title,,Hand crafted in 18k rose gold and set with 32 high-quality round brilliant cut diamonds,Evil Eye,5000,,USD,YES,Default Title,,,evil-eye-necklace-4,https://jacobandco.shop/products/evil-eye-necklace-4,2026-08-19 05:22:54
VARIANT:40264985903240,6865986781320,40264985903240,92457238,Evil Eye Diamond Necklace,Default Title,,Hand crafted in 18k rose gold and set with 10 high-quality round brilliant cut diamonds and 4 blue sapphires,Evil Eye,12600,,USD,YES,Default Title,,,evil-eye-necklace-3,https://jacobandco.shop/products/evil-eye-necklace-3,2026-08-19 05:22:54
VARIANT:41887855181960,7884617973896,41887855181960,92252276,Evil Eye Diamond Necklace,Default Title,,Hand crafted in 18k white gold and set with 32 high-quality round brilliant cut diamonds,Evil Eye,5000,,USD,YES,Default Title,,,evil-eye-necklace,https://jacobandco.shop/products/evil-eye-necklace,2026-08-19 05:22:54
VARIANT:41940806664328,7908844241032,41940806664328,92252270,Evil Eye Diamond Necklace,Default Title,,Hand crafted in 18k rose gold and set with 32 high-quality round brilliant cut diamonds,Evil Eye,5000,,USD,YES,Default Title,,,evil-eye-diamond-necklace-rose-gold-blue-enamel,https://jacobandco.shop/products/evil-eye-diamond-necklace-rose-gold-blue-enamel,2026-08-19 05:22:54
VARIANT:42299342487688,7548944187528,42299342487688,92355122,Hamsa Diamond Bracelet,18cm,,Hand crafted in 18k white gold and set with 166 high-quality round brilliant cut white diamonds and emerald,Evil Eye,6400,,USD,YES,18cm,,,hamsa-bracelet,https://jacobandco.shop/products/hamsa-bracelet,2026-08-19 05:22:54
VARIANT:42299345633416,7881951969416,42299345633416,92458662,Hamsa Diamond Bracelet,18cm,,Hand crafted in 18k white gold and set with 166 high-quality round brilliant cut white diamonds and marquise blue sapphire,Evil Eye,6400,,USD,YES,18cm,,,hamsa-bracelet-black,https://jacobandco.shop/products/hamsa-bracelet-black,2026-08-19 05:22:54
VARIANT:42299399831688,6947481452680,42299399831688,92355966,Hamsa Diamond Bracelet,18cm,,Hand crafted in 18k rose gold and set with 166 high-quality round brilliant cut white diamonds and emerald,Evil Eye,6400,,USD,YES,18cm,,,hamsa-bracelet-1,https://jacobandco.shop/products/hamsa-bracelet-1,2026-08-19 05:22:54
VARIANT:42299407728776,7881940369544,42299407728776,92355968,Hamsa Diamond Bracelet,18cm,,Hand crafted in 18k rose gold and set with 166 high-quality round brilliant cut white diamonds and marquise ruby,Evil Eye,6400,,USD,YES,18cm,,,hamsa-bracelet-red,https://jacobandco.shop/products/hamsa-bracelet-red,2026-08-19 05:22:54
VARIANT:41882564788360,7882037493896,41882564788360,92457168,Hamsa Diamond Necklace,Default Title,,Hand crafted in 18k white gold and set with 194 high-quality round brilliant cut diamonds,Evil Eye,11200,,USD,YES,Default Title,,,hamsa-necklace-white-gold,https://jacobandco.shop/products/hamsa-necklace-white-gold,2026-08-19 05:22:54
VARIANT:41882642874504,7882071113864,41882642874504,92355460,Hamsa Diamond Necklace,Default Title,,Hand crafted in 18k rose gold and set with 194 high-quality round brilliant cut diamonds,Evil Eye,11200,,USD,YES,Default Title,,,hamsa-necklace-rose-gold,https://jacobandco.shop/products/hamsa-necklace-rose-gold,2026-08-19 05:22:54
VARIANT:40109580910728,6825914433672,40109580910728,92149972,Happy Diamond Bracelet,Default Title,,Hand crafted in 18k white gold and set with 86 high-quality round brilliant cut diamonds,You Are You,3400,,USD,YES,Default Title,,,you-are-you-bracelet-2,https://jacobandco.shop/products/you-are-you-bracelet-2,2026-08-19 05:22:54
VARIANT:40109394755720,6825893691528,40109394755720,92149968,Happy Diamond Necklace,Default Title,,Hand crafted in 18k white gold and set with 86 high-quality round brilliant cut diamonds,You Are You,3400,,USD,YES,Default Title,,,you-are-you-necklace-2,https://jacobandco.shop/products/you-are-you-necklace-2,2026-08-19 05:22:54
VARIANT:40109551583368,6825909715080,40109551583368,92148261,Happy Diamond Necklace,Default Title,,Hand crafted in 18k rose gold and set with 89 high-quality round brilliant cut diamonds,You Are You,3400,,USD,YES,Default Title,,,you-are-you-necklace-4,https://jacobandco.shop/products/you-are-you-necklace-4,2026-08-19 05:22:54
VARIANT:40216499978376,6825905553544,40216499978376,92047676-3,Happy Diamond Ring,3,,Hand crafted in 18k white gold and set with 86 high-quality round brilliant cut diamonds,You Are You,3400,,USD,YES,3,,,you-are-you-ring-3,https://jacobandco.shop/products/you-are-you-ring-3,2026-08-19 05:22:54
VARIANT:40216500011144,6825905553544,40216500011144,92047677-4,Happy Diamond Ring,4,,Hand crafted in 18k white gold and set with 86 high-quality round brilliant cut diamonds,You Are You,3400,,USD,YES,4,,,you-are-you-ring-3,https://jacobandco.shop/products/you-are-you-ring-3,2026-08-19 05:22:54
VARIANT:40331430723720,6825905553544,40331430723720,92047676-4.5,Happy Diamond Ring,4.5,,Hand crafted in 18k white gold and set with 86 high-quality round brilliant cut diamonds,You Are You,3400,,USD,YES,4.5,,,you-are-you-ring-3,https://jacobandco.shop/products/you-are-you-ring-3,2026-08-19 05:22:54
VARIANT:40216500043912,6825905553544,40216500043912,92047678-5,Happy Diamond Ring,5,,Hand crafted in 18k white gold and set with 86 high-quality round brilliant cut diamonds,You Are You,3400,,USD,YES,5,,,you-are-you-ring-3,https://jacobandco.shop/products/you-are-you-ring-3,2026-08-19 05:22:54
VARIANT:40331430756488,6825905553544,40331430756488,92047676-5.5,Happy Diamond Ring,5.5,,Hand crafted in 18k white gold and set with 86 high-quality round brilliant cut diamonds,You Are You,3400,,USD,YES,5.5,,,you-are-you-ring-3,https://jacobandco.shop/products/you-are-you-ring-3,2026-08-19 05:22:54
VARIANT:40216500076680,6825905553544,40216500076680,92047679-6,Happy Diamond Ring,6,,Hand crafted in 18k white gold and set with 86 high-quality round brilliant cut diamonds,You Are You,3400,,USD,YES,6,,,you-are-you-ring-3,https://jacobandco.shop/products/you-are-you-ring-3,2026-08-19 05:22:54
VARIANT:40331430822024,6825905553544,40331430822024,92047676-6.5,Happy Diamond Ring,6.5,,Hand crafted in 18k white gold and set with 86 high-quality round brilliant cut diamonds,You Are You,3400,,USD,YES,6.5,,,you-are-you-ring-3,https://jacobandco.shop/products/you-are-you-ring-3,2026-08-19 05:22:54
VARIANT:40216500109448,6825905553544,40216500109448,92047680-7,Happy Diamond Ring,7,,Hand crafted in 18k white gold and set with 86 high-quality round brilliant cut diamonds,You Are You,3400,,USD,YES,7,,,you-are-you-ring-3,https://jacobandco.shop/products/you-are-you-ring-3,2026-08-19 05:22:54
VARIANT:40331430985864,6825905553544,40331430985864,92047676-7.5,Happy Diamond Ring,7.5,,Hand crafted in 18k white gold and set with 86 high-quality round brilliant cut diamonds,You Are You,3400,,USD,YES,7.5,,,you-are-you-ring-3,https://jacobandco.shop/products/you-are-you-ring-3,2026-08-19 05:22:54
VARIANT:40216500142216,6825905553544,40216500142216,92047681-8,Happy Diamond Ring,8,,Hand crafted in 18k white gold and set with 86 high-quality round brilliant cut diamonds,You Are You,3400,,USD,YES,8,,,you-are-you-ring-3,https://jacobandco.shop/products/you-are-you-ring-3,2026-08-19 05:22:54
VARIANT:40331431051400,6825905553544,40331431051400,92047676-8.5,Happy Diamond Ring,8.5,,Hand crafted in 18k white gold and set with 86 high-quality round brilliant cut diamonds,You Are You,3400,,USD,YES,8.5,,,you-are-you-ring-3,https://jacobandco.shop/products/you-are-you-ring-3,2026-08-19 05:22:54
VARIANT:42360463523976,6899698172040,42360463523976,92460266,Hematite Bracelet,15 cm,,Hand crafted in stainless steel with hematite stones,Hematite,1200,,USD,YES,15 cm,,,hematite-bracelet-1,https://jacobandco.shop/products/hematite-bracelet-1,2026-08-19 05:22:54
VARIANT:42543699132552,6899734708360,42543699132552,91738809,Hematite Bracelet,15 cm,,Hand crafted in 18k rose gold and set with 90 high-quality round brilliant cut diamonds,Hematite,15400,0,USD,YES,15 cm,,,hematite-bracelet-4,https://jacobandco.shop/products/hematite-bracelet-4,2026-08-19 05:22:54
VARIANT:42543711748232,6899711508616,42543711748232,91637512,Hematite Bracelet,15 cm,,Hand crafted in 18k rose gold with hematite stones,Hematite,11800,,USD,YES,15 cm,,,hematite-bracelet-2,https://jacobandco.shop/products/hematite-bracelet-2,2026-08-19 05:22:54
VARIANT:41112456134792,6899711508616,41112456134792,91637513,Hematite Bracelet,16 cm,,Hand crafted in 18k rose gold with hematite stones,Hematite,12500,,USD,YES,16 cm,,,hematite-bracelet-2,https://jacobandco.shop/products/hematite-bracelet-2,2026-08-19 05:22:54
VARIANT:42543699165320,6899734708360,42543699165320,91740299,Hematite Bracelet,16 cm,,Hand crafted in 18k rose gold and set with 90 high-quality round brilliant cut diamonds,Hematite,16300,0,USD,YES,16 cm,,,hematite-bracelet-4,https://jacobandco.shop/products/hematite-bracelet-4,2026-08-19 05:22:54
VARIANT:43106465579144,6899698172040,43106465579144,92459317,Hematite Bracelet,16 cm,,Hand crafted in stainless steel with hematite stones,Hematite,1200,,USD,YES,16 cm,,,hematite-bracelet-1,https://jacobandco.shop/products/hematite-bracelet-1,2026-08-19 05:22:54
VARIANT:41112456167560,6899711508616,41112456167560,91843552,Hematite Bracelet,17 cm,,Hand crafted in 18k rose gold with hematite stones,Hematite,13200,,USD,YES,17 cm,,,hematite-bracelet-2,https://jacobandco.shop/products/hematite-bracelet-2,2026-08-19 05:22:54
VARIANT:41123484631176,6899734708360,41123484631176,92149083,Hematite Bracelet,17 cm,,Hand crafted in 18k rose gold and set with 90 high-quality round brilliant cut diamonds,Hematite,17200,,USD,YES,17 cm,,,hematite-bracelet-4,https://jacobandco.shop/products/hematite-bracelet-4,2026-08-19 05:22:54
VARIANT:41221187371144,6899698172040,41221187371144,92148358,Hematite Bracelet,17 cm,,Hand crafted in stainless steel with hematite stones,Hematite,1200,,USD,YES,17 cm,,,hematite-bracelet-1,https://jacobandco.shop/products/hematite-bracelet-1,2026-08-19 05:22:54
VARIANT:41112456200328,6899711508616,41112456200328,91637515,Hematite Bracelet,18 cm,,Hand crafted in 18k rose gold with hematite stones,Hematite,13900,,USD,YES,18 cm,,,hematite-bracelet-2,https://jacobandco.shop/products/hematite-bracelet-2,2026-08-19 05:22:54
VARIANT:41118996594824,6899698172040,41118996594824,92457325,Hematite Bracelet,18 cm,,Hand crafted in stainless steel with hematite stones,Hematite,1200,,USD,YES,18 cm,,,hematite-bracelet-1,https://jacobandco.shop/products/hematite-bracelet-1,2026-08-19 05:22:54
VARIANT:41123484663944,6899734708360,41123484663944,92149084,Hematite Bracelet,18 cm,,Hand crafted in 18k rose gold and set with 90 high-quality round brilliant cut diamonds,Hematite,18100,0,USD,YES,18 cm,,,hematite-bracelet-4,https://jacobandco.shop/products/hematite-bracelet-4,2026-08-19 05:22:54
VARIANT:41112456233096,6899711508616,41112456233096,92149088,Hematite Bracelet,19 cm,,Hand crafted in 18k rose gold with hematite stones,Hematite,14500,,USD,YES,19 cm,,,hematite-bracelet-2,https://jacobandco.shop/products/hematite-bracelet-2,2026-08-19 05:22:54
VARIANT:41118996627592,6899698172040,41118996627592,92457326,Hematite Bracelet,19 cm,,Hand crafted in stainless steel with hematite stones,Hematite,1200,,USD,YES,19 cm,,,hematite-bracelet-1,https://jacobandco.shop/products/hematite-bracelet-1,2026-08-19 05:22:54
VARIANT:41123484696712,6899734708360,41123484696712,92149085,Hematite Bracelet,19 cm,,Hand crafted in 18k rose gold and set with 90 high-quality round brilliant cut diamonds,Hematite,19000,0,USD,YES,19 cm,,,hematite-bracelet-4,https://jacobandco.shop/products/hematite-bracelet-4,2026-08-19 05:22:54
VARIANT:41112456265864,6899711508616,41112456265864,92149089,Hematite Bracelet,20 cm,,Hand crafted in 18k rose gold with hematite stones,Hematite,15200,,USD,YES,20 cm,,,hematite-bracelet-2,https://jacobandco.shop/products/hematite-bracelet-2,2026-08-19 05:22:54
VARIANT:41118996660360,6899698172040,41118996660360,92354435,Hematite Bracelet,20 cm,,Hand crafted in stainless steel with hematite stones,Hematite,1200,,USD,YES,20 cm,,,hematite-bracelet-1,https://jacobandco.shop/products/hematite-bracelet-1,2026-08-19 05:22:54
VARIANT:43108488806536,6899734708360,43108488806536,,Hematite Bracelet,20 cm,,Hand crafted in 18k rose gold and set with 90 high-quality round brilliant cut diamonds,Hematite,19000,0,USD,YES,20 cm,,,hematite-bracelet-4,https://jacobandco.shop/products/hematite-bracelet-4,2026-08-19 05:22:54
VARIANT:43775528632456,8584657076360,43775528632456,91944022,Infinia Earrings,Default Title,,"Hand crafted in 18k white gold and set with pearls, turquoise and corals.",Infinia,53400,,USD,YES,Default Title,,,infinia-earrings-turquoise-and-pearl,https://jacobandco.shop/products/infinia-earrings-turquoise-and-pearl,2026-08-19 05:22:54
VARIANT:43775602491528,8584675950728,43775602491528,92046650,Infinia Earrings,Default Title,,"Hand crafted in 18k white gold and set with white diamonds with pearls, onyx, and special cut mother of pearl.",Infinia,61500,,USD,YES,Default Title,,,infinia-earrings-onxy-and-pearl,https://jacobandco.shop/products/infinia-earrings-onxy-and-pearl,2026-08-19 05:22:54
VARIANT:43935763660936,8623696969864,43935763660936,92046430,Infinia Earrings,Default Title,,Hand crafted in 18k white gold and set with tsavorites and white diamonds,Infinia,150000,,USD,YES,Default Title,,,infinia-earrings-small-size-tsavorites,https://jacobandco.shop/products/infinia-earrings-small-size-tsavorites,2026-08-19 05:22:54
VARIANT:43937179238536,8624110174344,43937179238536,91945038,Infinia Earrings,Default Title,,"Hand crafted in 18k white gold and set with emeralds, pearls, and white diamonds",Infinia,27000,,USD,YES,Default Title,,,infinia-earrings-cabochon-emeralds,https://jacobandco.shop/products/infinia-earrings-cabochon-emeralds,2026-08-19 05:22:54
VARIANT:43952598679688,8627370786952,43952598679688,91945037,Infinia Earrings,Default Title,,"Hand crafted in 18k white gold and set with blue sapphires, pearls, and white diamonds",Infinia,24500,,USD,YES,Default Title,,,infinia-earrings-blue-cabochon-sapphires,https://jacobandco.shop/products/infinia-earrings-blue-cabochon-sapphires,2026-08-19 05:22:54
VARIANT:43952715858056,8627405127816,43952715858056,91944914,Infinia Earrings,Default Title,,Hand crafted in 18k rose gold and set with pink sapphires and white diamonds,Infinia,117000,,USD,YES,Default Title,,,infinia-earrings-pink-sapphires,https://jacobandco.shop/products/infinia-earrings-pink-sapphires,2026-08-19 05:22:54
VARIANT:43958361456776,8628635664520,43958361456776,91944511,Infinia Earrings,Default Title,,Hand crafted in 18k white gold and set with white diamonds,Infinia,180000,,USD,YES,Default Title,,,infinia-earrings-baguette-cut-diamonds,https://jacobandco.shop/products/infinia-earrings-baguette-cut-diamonds,2026-08-19 05:22:54
VARIANT:43775618842760,8584679719048,43775618842760,92046651,Infinia Ring,Default Title,,"Hand crafted in 18k white gold and set with white diamonds with pearls, onyx, and mother of pearl.",Infinia,41500,,USD,YES,Default Title,,,infinia-ring-onyx-and-mother-of-pearl,https://jacobandco.shop/products/infinia-ring-onyx-and-mother-of-pearl,2026-08-19 05:22:54
VARIANT:43933990420616,8623149645960,43933990420616,91945035,Infinia Ring,Default Title,,"Hand crafted in 18k white gold and set with emeralds, pearls, and white diamonds",Infinia,23500,,USD,YES,Default Title,,,infinia-ring-cabochon-emerald,https://jacobandco.shop/products/infinia-ring-cabochon-emerald,2026-08-19 05:22:54
VARIANT:43934001463432,8623153119368,43934001463432,91945034,Infinia Ring,Default Title,,"Hand crafted in 18k white gold and set with blue sapphires, pearls, and white diamonds",Infinia,18500,,USD,YES,Default Title,,,infinia-ring-cabochon-blue-sapphires,https://jacobandco.shop/products/infinia-ring-cabochon-blue-sapphires,2026-08-19 05:22:54
VARIANT:43934050025608,8623166816392,43934050025608,91944617,Infinia Ring,Default Title,,Hand crafted in 18k white gold and set with pink sapphires and white diamonds,Infinia,35000,,USD,YES,Default Title,,,infinia-ring-pink-sapphire-center,https://jacobandco.shop/products/infinia-ring-pink-sapphire-center,2026-08-19 05:22:54
VARIANT:43935715164296,8623682519176,43935715164296,91842383,Infinia Ring,Default Title,,Hand crafted in 18k white gold and set with white diamonds,Infinia,84400,,USD,YES,Default Title,,,infinia-ring-marquise-white-diamonds,https://jacobandco.shop/products/infinia-ring-marquise-white-diamonds,2026-08-19 05:22:54
VARIANT:43935751569544,8623693463688,43935751569544,91841851,Infinia Ring,Default Title,,Hand crafted in 18k white gold and set with emeralds and white diamonds,Infinia,60000,,USD,YES,Default Title,,,infinia-ring-marquise-cut-emeralds,https://jacobandco.shop/products/infinia-ring-marquise-cut-emeralds,2026-08-19 05:22:54
VARIANT:43950698070152,8626955190408,43950698070152,,Infinia Ring,Default Title,,"Hand crafted in 18k white gold and set with white diamonds, pearls, and blue sapphires.",Infinia,15000,,USD,YES,Default Title,,,infinia-ring-blue-cabochon-sapphires,https://jacobandco.shop/products/infinia-ring-blue-cabochon-sapphires,2026-08-19 05:22:54
VARIANT:44349668851848,8700348989576,44349668851848,92046468,Infinia Ring,Default Title,,"Hand crafted in 18k white gold and set with white diamonds, pearls, and rubies",Infinia,19000,,USD,YES,Default Title,,,infinia-ruby-ring,https://jacobandco.shop/products/infinia-ruby-ring,2026-08-19 05:22:54
VARIANT:44399188476040,8715982209160,44399188476040,,Jacob & Co. x PEACEMINUSONE Earrings,Default Title,Earrings,"Hand crafted in 925 sterling silver, featuring yellow sapphires set in 18k yellow gold",Jacob & Co. X PEACEMINUSONE,1800,,USD,YES,Default Title,,,jacob-co-x-peaceminusone-earrings,https://jacobandco.shop/products/jacob-co-x-peaceminusone-earrings,2026-08-19 05:22:54
VARIANT:43517271081096,8561986404488,43517271081096,PD-GD-SS,Jacob & Co. x PEACEMINUSONE Pendant,Default Title,Pendant,"Hand crafted in 925 sterling silver, featuring pavé-set precious tsavorites and yellow sapphires set in 18k yellow gold",Jacob & Co. X PEACEMINUSONE,1200,,USD,YES,Default Title,,,jacob-co-peaceminusone-pendant,https://jacobandco.shop/products/jacob-co-peaceminusone-pendant,2026-08-19 05:22:54
VARIANT:44519840383112,8743508639880,44519840383112,,Jacob & Co. x PEACEMINUSONE Pink/Blue Topaz and Pavé Earrings,Default Title,Earrings,"Hand crafted in 18k white gold, featuring pavé set white diamonds, one blue topaz, and one pink topaz",Jacob & Co. X PEACEMINUSONE,18000,,USD,YES,Default Title,,,jacob-co-x-peaceminusone-pink-blue-topaz-with-pave-earrings,https://jacobandco.shop/products/jacob-co-x-peaceminusone-pink-blue-topaz-with-pave-earrings,2026-08-19 05:22:54
VARIANT:44399191031944,8715983880328,44399191031944,,Jacob & Co. x PEACEMINUSONE Yellow Diamond and Pavé Earrings,Default Title,Earrings,"Hand crafted in 18k white gold, featuring pavé set white diamonds and two fancy vivid yellow diamonds",Jacob & Co. X PEACEMINUSONE,15000,,USD,YES,Default Title,,,jacob-co-x-peaceminusone-yellow-diamond-with-pave-earrings,https://jacobandco.shop/products/jacob-co-x-peaceminusone-yellow-diamond-with-pave-earrings,2026-08-19 05:22:54
VARIANT:43751879639176,8576643465352,43751879639176,PD-GD-WG,Jacob & Co. x PEACEMINUSONE Yellow Diamond with Pavé Pendant,Default Title,Pendant,"Hand crafted in 18k white gold, featuring white diamonds, pavé-set precious tsavorites and a fancy vivid yellow diamond",Jacob & Co. X PEACEMINUSONE,11000,,USD,YES,Default Title,,,jacob-co-x-peaceminusone-diamond-pendant,https://jacobandco.shop/products/jacob-co-x-peaceminusone-diamond-pendant,2026-08-19 05:22:54
VARIANT:42493594697864,8085792882824,42493594697864,92355286,Jacob's Code Bracelet,18,,Hand crafted in 18k rose gold & leather,Jacob's Code,16200,,USD,YES,18,,,jacobs-code-bracelet-brown-rose-gold,https://jacobandco.shop/products/jacobs-code-bracelet-brown-rose-gold,2026-08-19 05:22:54
VARIANT:42493658169480,8165871648904,42493658169480,92355290,Jacob's Code Bracelet,18,,Hand crafted in 18k rose gold & leather,Jacob's Code,16200,,USD,YES,18,,,jacobs-code-bracelet-red-rose-gold,https://jacobandco.shop/products/jacobs-code-bracelet-red-rose-gold,2026-08-19 05:22:54
VARIANT:42493670064264,8165880660104,42493670064264,92355293,Jacob's Code Bracelet,18,,Hand crafted in 18k rose gold & leather,Jacob's Code,16200,,USD,YES,18,,,jacobs-code-bracelet-blue-rose-gold,https://jacobandco.shop/products/jacobs-code-bracelet-blue-rose-gold,2026-08-19 05:22:54
VARIANT:42493721051272,8165914542216,42493721051272,92355286,Jacob's Code Bracelet,18,,Hand crafted in stainless steel & leather,Jacob's Code,4100,,USD,YES,18,,,jacobs-code-bracelet-brown-stainless-steel,https://jacobandco.shop/products/jacobs-code-bracelet-brown-stainless-steel,2026-08-19 05:22:54
VARIANT:42493726851208,8165917687944,42493726851208,92355293,Jacob's Code Bracelet,18,,Hand crafted in stainless steel & leather,Jacob's Code,4100,,USD,YES,18,,,jacobs-code-bracelet-blue-stainless-steel,https://jacobandco.shop/products/jacobs-code-bracelet-blue-stainless-steel,2026-08-19 05:22:54
VARIANT:42493736648840,8165921816712,42493736648840,92355290,Jacob's Code Bracelet,18,,Hand crafted in stainless steel & leather,Jacob's Code,4100,,USD,YES,18,,,jacobs-code-bracelet-red-stainless-steel,https://jacobandco.shop/products/jacobs-code-bracelet-red-stainless-steel,2026-08-19 05:22:54
VARIANT:42493594730632,8085792882824,42493594730632,92355287,Jacob's Code Bracelet,19,,Hand crafted in 18k rose gold & leather,Jacob's Code,16200,,USD,YES,19,,,jacobs-code-bracelet-brown-rose-gold,https://jacobandco.shop/products/jacobs-code-bracelet-brown-rose-gold,2026-08-19 05:22:54
VARIANT:42493658202248,8165871648904,42493658202248,92355291,Jacob's Code Bracelet,19,,Hand crafted in 18k rose gold & leather,Jacob's Code,16200,,USD,YES,19,,,jacobs-code-bracelet-red-rose-gold,https://jacobandco.shop/products/jacobs-code-bracelet-red-rose-gold,2026-08-19 05:22:54
VARIANT:42493670097032,8165880660104,42493670097032,92355294,Jacob's Code Bracelet,19,,Hand crafted in 18k rose gold & leather,Jacob's Code,16200,,USD,YES,19,,,jacobs-code-bracelet-blue-rose-gold,https://jacobandco.shop/products/jacobs-code-bracelet-blue-rose-gold,2026-08-19 05:22:54
VARIANT:42493721084040,8165914542216,42493721084040,92355287,Jacob's Code Bracelet,19,,Hand crafted in stainless steel & leather,Jacob's Code,4100,,USD,YES,19,,,jacobs-code-bracelet-brown-stainless-steel,https://jacobandco.shop/products/jacobs-code-bracelet-brown-stainless-steel,2026-08-19 05:22:54
VARIANT:42493726883976,8165917687944,42493726883976,92355294,Jacob's Code Bracelet,19,,Hand crafted in stainless steel & leather,Jacob's Code,4100,,USD,YES,19,,,jacobs-code-bracelet-blue-stainless-steel,https://jacobandco.shop/products/jacobs-code-bracelet-blue-stainless-steel,2026-08-19 05:22:54
VARIANT:42493736681608,8165921816712,42493736681608,92355291,Jacob's Code Bracelet,19,,Hand crafted in stainless steel & leather,Jacob's Code,4100,,USD,YES,19,,,jacobs-code-bracelet-red-stainless-steel,https://jacobandco.shop/products/jacobs-code-bracelet-red-stainless-steel,2026-08-19 05:22:54
VARIANT:42493594763400,8085792882824,42493594763400,92355288,Jacob's Code Bracelet,20,,Hand crafted in 18k rose gold & leather,Jacob's Code,16200,,USD,YES,20,,,jacobs-code-bracelet-brown-rose-gold,https://jacobandco.shop/products/jacobs-code-bracelet-brown-rose-gold,2026-08-19 05:22:54
VARIANT:42493658235016,8165871648904,42493658235016,92355292,Jacob's Code Bracelet,20,,Hand crafted in 18k rose gold & leather,Jacob's Code,16200,,USD,YES,20,,,jacobs-code-bracelet-red-rose-gold,https://jacobandco.shop/products/jacobs-code-bracelet-red-rose-gold,2026-08-19 05:22:54
VARIANT:42493670129800,8165880660104,42493670129800,92355295,Jacob's Code Bracelet,20,,Hand crafted in 18k rose gold & leather,Jacob's Code,16200,,USD,YES,20,,,jacobs-code-bracelet-blue-rose-gold,https://jacobandco.shop/products/jacobs-code-bracelet-blue-rose-gold,2026-08-19 05:22:54
VARIANT:42493721116808,8165914542216,42493721116808,92355288,Jacob's Code Bracelet,20,,Hand crafted in stainless steel & leather,Jacob's Code,4100,,USD,YES,20,,,jacobs-code-bracelet-brown-stainless-steel,https://jacobandco.shop/products/jacobs-code-bracelet-brown-stainless-steel,2026-08-19 05:22:54
VARIANT:42493726916744,8165917687944,42493726916744,92355295,Jacob's Code Bracelet,20,,Hand crafted in stainless steel & leather,Jacob's Code,4100,,USD,YES,20,,,jacobs-code-bracelet-blue-stainless-steel,https://jacobandco.shop/products/jacobs-code-bracelet-blue-stainless-steel,2026-08-19 05:22:54
VARIANT:42493736714376,8165921816712,42493736714376,92355292,Jacob's Code Bracelet,20,,Hand crafted in stainless steel & leather,Jacob's Code,4100,,USD,YES,20,,,jacobs-code-bracelet-red-stainless-steel,https://jacobandco.shop/products/jacobs-code-bracelet-red-stainless-steel,2026-08-19 05:22:54
VARIANT:43969300594824,8632559599752,43969300594824,91636868,Jezebel Choker,Default Title,,Hand crafted in 18k rose gold and set with white diamonds,Jezebel,235700,,USD,YES,Default Title,,,jezebel-choker,https://jacobandco.shop/products/jezebel-choker,2026-08-19 05:22:54
VARIANT:43966341349512,8631730667656,43966341349512,91328341,Jezebel Diamond Earrings,Default Title,,Hand crafted in palladium and set with rose cut diamonds,Jezebel,127000,,USD,YES,Default Title,,,jezebel-diamond-earrings,https://jacobandco.shop/products/jezebel-diamond-earrings,2026-08-19 05:22:54
VARIANT:43955217203336,8627923550344,43955217203336,91534425,Jezebel Head Piece,Default Title,,Hand crafted in palladium and set with white diamonds,Jezebel,165000,,USD,YES,Default Title,,,jezebel-head-piece,https://jacobandco.shop/products/jezebel-head-piece,2026-08-19 05:22:54
VARIANT:43958328197256,8628609712264,43958328197256,91534271,Jezebel Mesh Bracelet,Default Title,,Hand crafted in 18k rose gold and set with multi-color sapphires and white diamonds,Jezebel,93500,,USD,YES,Default Title,,,jezebel-mesh-bracelet,https://jacobandco.shop/products/jezebel-mesh-bracelet,2026-08-19 05:22:54
VARIANT:43966310645896,8631720116360,43966310645896,92353865,Jezebel Mesh Bracelet,Default Title,,Hand crafted in 18k white gold and set with tsavorites and white diamonds,Jezebel,82500,,USD,YES,Default Title,,,jezebel-tsavorite-mesh-bracelet,https://jacobandco.shop/products/jezebel-tsavorite-mesh-bracelet,2026-08-19 05:22:54
VARIANT:43969237057672,8632531615880,43969237057672,91636867,Jezebel Necklace,Default Title,,Hand crafted in 18k rose gold and set with white diamonds,Jezebel,134000,,USD,YES,Default Title,,,jezebel-diamond-necklace,https://jacobandco.shop/products/jezebel-diamond-necklace,2026-08-19 05:22:54
VARIANT:43969235255432,8632530501768,43969235255432,91431411,Jezebel Pendant,Default Title,,Hand crafted in palladium and set with tsavorites and white diamonds,Jezebel,55000,,USD,YES,Default Title,,,jezebel-tsavorite-pendant,https://jacobandco.shop/products/jezebel-tsavorite-pendant,2026-08-19 05:22:54
VARIANT:44382720393352,8711059472520,44382720393352,92457711,Jezebel Tsavorite Earrings,Default Title,,Hand crafted in 18k white gold and set with tsavorites and white diamonds,Jezebel,95000,,USD,YES,Default Title,,,jezebel-short-tsavorite-earrings,https://jacobandco.shop/products/jezebel-short-tsavorite-earrings,2026-08-19 05:22:54
VARIANT:43973042110600,8633926713480,43973042110600,92354357,Jezebel Tsavorite Full Finger Ring,Default Title,,Hand crafted in 18k white gold and set with tsavorites and white diamonds,Jezebel,18500,,USD,YES,Default Title,,,jezebel-tsavorite-full-finger-ring,https://jacobandco.shop/products/jezebel-tsavorite-full-finger-ring,2026-08-19 05:22:54
VARIANT:40109369098376,6825879830664,40109369098376,92149971,Love Diamond Bracelet,Default Title,,Hand crafted in 18k rose gold and set with 48 high-quality round brilliant cut diamonds,You Are You,2500,,USD,YES,Default Title,,,you-are-you-bracelet-1,https://jacobandco.shop/products/you-are-you-bracelet-1,2026-08-19 05:22:54
VARIANT:40109512556680,6825902014600,40109512556680,92048019,Love Diamond Necklace,Default Title,,Hand crafted in 18k white gold and set with 48 high-quality round brilliant cut diamonds,You Are You,2500,,USD,YES,Default Title,,,you-are-you-necklace-3,https://jacobandco.shop/products/you-are-you-necklace-3,2026-08-19 05:22:54
VARIANT:40109610336392,6825919611016,40109610336392,91945633,Love Diamond Necklace,Default Title,,Hand crafted in 18k rose gold and set with 48 high-quality round brilliant cut diamonds,You Are You,2500,,USD,YES,Default Title,,,you-are-you-necklace-1,https://jacobandco.shop/products/you-are-you-necklace-1,2026-08-19 05:22:54
VARIANT:40216505385096,6826010312840,40216505385096,92047669-3,Love Diamond Ring,3,,Hand crafted in 18k white gold and set with 48 high-quality round brilliant cut diamonds,You Are You,2800,,USD,YES,3,,,you-are-you-ring-1,https://jacobandco.shop/products/you-are-you-ring-1,2026-08-19 05:22:54
VARIANT:40216505450632,6826010312840,40216505450632,92047670-4,Love Diamond Ring,4,,Hand crafted in 18k white gold and set with 48 high-quality round brilliant cut diamonds,You Are You,2800,,USD,YES,4,,,you-are-you-ring-1,https://jacobandco.shop/products/you-are-you-ring-1,2026-08-19 05:22:54
VARIANT:40331444551816,6826010312840,40331444551816,92047669-4.5,Love Diamond Ring,4.5,,Hand crafted in 18k white gold and set with 48 high-quality round brilliant cut diamonds,You Are You,2800,,USD,YES,4.5,,,you-are-you-ring-1,https://jacobandco.shop/products/you-are-you-ring-1,2026-08-19 05:22:54
VARIANT:40216505483400,6826010312840,40216505483400,92047671-5,Love Diamond Ring,5,,Hand crafted in 18k white gold and set with 48 high-quality round brilliant cut diamonds,You Are You,2800,,USD,YES,5,,,you-are-you-ring-1,https://jacobandco.shop/products/you-are-you-ring-1,2026-08-19 05:22:54
VARIANT:40331444715656,6826010312840,40331444715656,92047669-5.5,Love Diamond Ring,5.5,,Hand crafted in 18k white gold and set with 48 high-quality round brilliant cut diamonds,You Are You,2800,,USD,YES,5.5,,,you-are-you-ring-1,https://jacobandco.shop/products/you-are-you-ring-1,2026-08-19 05:22:54
VARIANT:40216505516168,6826010312840,40216505516168,92047672-6,Love Diamond Ring,6,,Hand crafted in 18k white gold and set with 48 high-quality round brilliant cut diamonds,You Are You,2800,,USD,YES,6,,,you-are-you-ring-1,https://jacobandco.shop/products/you-are-you-ring-1,2026-08-19 05:22:54
VARIANT:40331445633160,6826010312840,40331445633160,92047669-6.5,Love Diamond Ring,6.5,,Hand crafted in 18k white gold and set with 48 high-quality round brilliant cut diamonds,You Are You,2800,,USD,YES,6.5,,,you-are-you-ring-1,https://jacobandco.shop/products/you-are-you-ring-1,2026-08-19 05:22:54
VARIANT:40216505548936,6826010312840,40216505548936,92047673-7,Love Diamond Ring,7,,Hand crafted in 18k white gold and set with 48 high-quality round brilliant cut diamonds,You Are You,2800,,USD,YES,7,,,you-are-you-ring-1,https://jacobandco.shop/products/you-are-you-ring-1,2026-08-19 05:22:54
VARIANT:40331445928072,6826010312840,40331445928072,92047669-7.5,Love Diamond Ring,7.5,,Hand crafted in 18k white gold and set with 48 high-quality round brilliant cut diamonds,You Are You,2800,,USD,YES,7.5,,,you-are-you-ring-1,https://jacobandco.shop/products/you-are-you-ring-1,2026-08-19 05:22:54
VARIANT:40216505581704,6826010312840,40216505581704,92047674-8,Love Diamond Ring,8,,Hand crafted in 18k white gold and set with 48 high-quality round brilliant cut diamonds,You Are You,2800,,USD,YES,8,,,you-are-you-ring-1,https://jacobandco.shop/products/you-are-you-ring-1,2026-08-19 05:22:54
VARIANT:40331446517896,6826010312840,40331446517896,92047669-8.5,Love Diamond Ring,8.5,,Hand crafted in 18k white gold and set with 48 high-quality round brilliant cut diamonds,You Are You,2800,,USD,YES,8.5,,,you-are-you-ring-1,https://jacobandco.shop/products/you-are-you-ring-1,2026-08-19 05:22:54
VARIANT:41258952720520,6825943400584,41258952720520,92562448,Love Lockdown Bracelet,16cm,,Hand crafted in 18k white gold,Love Lockdown,40000,,USD,YES,16cm,,,love-lockdown-bracelet-3,https://jacobandco.shop/products/love-lockdown-bracelet-3,2026-08-19 05:22:54
VARIANT:41297052631176,7538121343112,41297052631176,92356441,Love Lockdown Bracelet,16cm,,Hand crafted in 18k rose gold,Love Lockdown,40000,,USD,YES,16cm,,,love-lockdown-bangle-1,https://jacobandco.shop/products/love-lockdown-bangle-1,2026-08-19 05:22:54
VARIANT:42304675938440,6825951101064,42304675938440,92353568,Love Lockdown Bracelet,16cm,,Hand crafted in 18k white gold and set with 549 high-quality round brilliant cut diamonds,Love Lockdown,75600,,USD,YES,16cm,,,love-lockdown-bracelet-4,https://jacobandco.shop/products/love-lockdown-bracelet-4,2026-08-19 05:22:54
VARIANT:42304676987016,7545500008584,42304676987016,92354037,Love Lockdown Bracelet,16cm,,Hand crafted in 18k rose gold and set with high-quality round brilliant cut diamonds,Love Lockdown,87500,,USD,YES,16cm,,,love-lockdown-bangle-5,https://jacobandco.shop/products/love-lockdown-bangle-5,2026-08-19 05:22:54
VARIANT:42304678690952,7545489293448,42304678690952,92354043,Love Lockdown Bracelet,16cm,,Hand crafted in 18k white gold and set with high-quality round brilliant cut diamonds,Love Lockdown,87500,,USD,YES,16cm,,,love-lockdown-bangle-4,https://jacobandco.shop/products/love-lockdown-bangle-4,2026-08-19 05:22:54
VARIANT:42305080361096,6825935995016,42305080361096,92149627,Love Lockdown Bracelet,16cm,,Hand crafted in 18k rose gold and set with 547 high-quality round brilliant cut diamonds,Love Lockdown,75600,,USD,YES,16cm,,,love-lockdown-bracelet-2,https://jacobandco.shop/products/love-lockdown-bracelet-2,2026-08-19 05:22:54
VARIANT:43435941757064,8537949077640,43435941757064,92252586,Love Lockdown Bracelet,16cm,,Hand crafted in 18k rose gold and set with round brilliant cut diamonds on the rim and key,Love Lockdown,46700,,USD,YES,16cm,,,love-lockdown-bracelet-with-diamonds,https://jacobandco.shop/products/love-lockdown-bracelet-with-diamonds,2026-08-19 05:22:54
VARIANT:41049216155784,7275162796168,41049216155784,92253315,Love Lockdown Cuff Necklace,Default Title,,Hand crafted in 18k white gold,Love Lockdown,4500,,USD,YES,Default Title,,,love-lockdown-cuff-necklace-white-gold,https://jacobandco.shop/products/love-lockdown-cuff-necklace-white-gold,2026-08-19 05:22:54
VARIANT:41080198791304,7310428471432,41080198791304,92253311,Love Lockdown Cuff Necklace,Default Title,,Hand crafted in 18k yellow gold,Love Lockdown,4500,,USD,YES,Default Title,,,love-lockdown-cuff-necklace,https://jacobandco.shop/products/love-lockdown-cuff-necklace,2026-08-19 05:22:54
VARIANT:41080199643272,7310429749384,41080199643272,92253313,Love Lockdown Cuff Necklace,Default Title,,Hand crafted in 18k rose gold,Love Lockdown,4500,,USD,YES,Default Title,,,love-lockdown-cuff-necklace-1,https://jacobandco.shop/products/love-lockdown-cuff-necklace-1,2026-08-19 05:22:54
VARIANT:42384220520584,8085859958920,42384220520584,92356556,Love Lockdown Diamond Choker,13,,Hand crafted in 18k rose gold and set with high-quality round brilliant cut diamonds,Love Lockdown,180000,,USD,YES,13,,,love-lockdown-diamond-choker-rose-gold,https://jacobandco.shop/products/love-lockdown-diamond-choker-rose-gold,2026-08-19 05:22:54
VARIANT:42384243818632,8085874868360,42384243818632,92356481,Love Lockdown Diamond Choker,13,,Hand crafted in 18k white gold and set with high-quality round brilliant cut diamonds,Love Lockdown,180000,,USD,YES,13,,,love-lockdown-diamond-choker-white-gold,https://jacobandco.shop/products/love-lockdown-diamond-choker-white-gold,2026-08-19 05:22:54
VARIANT:42384220553352,8085859958920,42384220553352,92457713,Love Lockdown Diamond Choker,14,,Hand crafted in 18k rose gold and set with high-quality round brilliant cut diamonds,Love Lockdown,160000,,USD,YES,14,,,love-lockdown-diamond-choker-rose-gold,https://jacobandco.shop/products/love-lockdown-diamond-choker-rose-gold,2026-08-19 05:22:54
VARIANT:42384243851400,8085874868360,42384243851400,92457714,Love Lockdown Diamond Choker,14,,Hand crafted in 18k white gold and set with high-quality round brilliant cut diamonds,Love Lockdown,160000,,USD,YES,14,,,love-lockdown-diamond-choker-white-gold,https://jacobandco.shop/products/love-lockdown-diamond-choker-white-gold,2026-08-19 05:22:54
VARIANT:40437352530056,6929127047304,40437352530056,92457694,Love Lockdown Diamond Cuff Necklace,Default Title,,Hand crafted in 18k yellow gold and set with 100 high-quality round brilliant cut diamonds,Love Lockdown,5700,,USD,YES,Default Title,,,love-lockdown-pendant-2,https://jacobandco.shop/products/love-lockdown-pendant-2,2026-08-19 05:22:54
VARIANT:41049179816072,7275148312712,41049179816072,92562704,Love Lockdown Diamond Cuff Necklace,Default Title,,Hand crafted in 18k rose gold and set with 100 high-quality round brilliant cut diamonds,Love Lockdown,5700,,USD,YES,Default Title,,,love-lockdown-cuff-necklace-rose-gold,https://jacobandco.shop/products/love-lockdown-cuff-necklace-rose-gold,2026-08-19 05:22:54
VARIANT:41080200429704,7310431813768,41080200429704,92457692,Love Lockdown Diamond Cuff Necklace,Default Title,,Hand crafted in 18k white gold and set with 100 high-quality round brilliant cut diamonds,Love Lockdown,5700,,USD,YES,Default Title,,,love-lockdown-diamond-cuff-necklace,https://jacobandco.shop/products/love-lockdown-diamond-cuff-necklace,2026-08-19 05:22:54
VARIANT:40308123598984,6882099888264,40308123598984,92355990,Love Lockdown Diamond Earrings,Default Title,,Hand crafted in 18k rose gold and set with 132 high-quality round brilliant cut diamonds,Love Lockdown,4500,,USD,YES,Default Title,,,love-lockdown-earrings-01,https://jacobandco.shop/products/love-lockdown-earrings-01,2026-08-19 05:22:54
VARIANT:41036414353544,7262534959240,41036414353544,92456924,Love Lockdown Diamond Earrings,Default Title,,Hand crafted in 18k yellow gold and set with 132 high-quality round brilliant cut diamonds,Love Lockdown,4500,,USD,YES,Default Title,,,love-lockdown-diamond-earrings-yellow-gold,https://jacobandco.shop/products/love-lockdown-diamond-earrings-yellow-gold,2026-08-19 05:22:54
VARIANT:41036422545544,7262544232584,41036422545544,92560666,Love Lockdown Diamond Earrings,Default Title,,Hand crafted in 18k white gold and set with 132 high-quality round brilliant cut diamonds,Love Lockdown,4500,,USD,YES,Default Title,,,love-lockdown-diamond-earrings-white-gold,https://jacobandco.shop/products/love-lockdown-diamond-earrings-white-gold,2026-08-19 05:22:54
VARIANT:41589015249032,7709112238216,41589015249032,92356021,Love Lockdown Diamond Ring,5,,Hand crafted in 18k white gold and set with 145 high-quality round brilliant cut diamonds,Love Lockdown,7600,,USD,YES,5,,,love-lockdown-diamond-ring,https://jacobandco.shop/products/love-lockdown-diamond-ring,2026-08-19 05:22:54
VARIANT:41589029830792,7709128065160,41589029830792,92356022,Love Lockdown Diamond Ring,5,,Hand crafted in 18k rose gold and set with 145 high-quality round brilliant cut diamonds,Love Lockdown,7600,,USD,YES,5,,,love-lockdown-diamond-ring-2,https://jacobandco.shop/products/love-lockdown-diamond-ring-2,2026-08-19 05:22:54
VARIANT:41589044281480,7709138485384,41589044281480,92356023,Love Lockdown Diamond Ring,5,,Hand crafted in 18k yellow gold and set with 145 high-quality round brilliant cut diamonds,Love Lockdown,7600,,USD,YES,5,,,love-lockdown-diamond-ring-1,https://jacobandco.shop/products/love-lockdown-diamond-ring-1,2026-08-19 05:22:54
VARIANT:41589015281800,7709112238216,41589015281800,92457214,Love Lockdown Diamond Ring,6,,Hand crafted in 18k white gold and set with 145 high-quality round brilliant cut diamonds,Love Lockdown,7600,,USD,YES,6,,,love-lockdown-diamond-ring,https://jacobandco.shop/products/love-lockdown-diamond-ring,2026-08-19 05:22:54
VARIANT:41589029863560,7709128065160,41589029863560,92457210,Love Lockdown Diamond Ring,6,,Hand crafted in 18k rose gold and set with 145 high-quality round brilliant cut diamonds,Love Lockdown,7600,,USD,YES,6,,,love-lockdown-diamond-ring-2,https://jacobandco.shop/products/love-lockdown-diamond-ring-2,2026-08-19 05:22:54
VARIANT:41589044314248,7709138485384,41589044314248,92457212,Love Lockdown Diamond Ring,6,,Hand crafted in 18k yellow gold and set with 145 high-quality round brilliant cut diamonds,Love Lockdown,7600,,USD,YES,6,,,love-lockdown-diamond-ring-1,https://jacobandco.shop/products/love-lockdown-diamond-ring-1,2026-08-19 05:22:54
VARIANT:41589015314568,7709112238216,41589015314568,92457215,Love Lockdown Diamond Ring,7,,Hand crafted in 18k white gold and set with 145 high-quality round brilliant cut diamonds,Love Lockdown,7600,,USD,YES,7,,,love-lockdown-diamond-ring,https://jacobandco.shop/products/love-lockdown-diamond-ring,2026-08-19 05:22:54
VARIANT:41589029896328,7709128065160,41589029896328,92561458,Love Lockdown Diamond Ring,7,,Hand crafted in 18k rose gold and set with 145 high-quality round brilliant cut diamonds,Love Lockdown,7600,,USD,YES,7,,,love-lockdown-diamond-ring-2,https://jacobandco.shop/products/love-lockdown-diamond-ring-2,2026-08-19 05:22:54
VARIANT:41589044347016,7709138485384,41589044347016,92457213,Love Lockdown Diamond Ring,7,,Hand crafted in 18k yellow gold and set with 145 high-quality round brilliant cut diamonds,Love Lockdown,7600,,USD,YES,7,,,love-lockdown-diamond-ring-1,https://jacobandco.shop/products/love-lockdown-diamond-ring-1,2026-08-19 05:22:54
VARIANT:41773526319240,7709138485384,41773526319240,92356023,Love Lockdown Diamond Ring,8,,Hand crafted in 18k yellow gold and set with 145 high-quality round brilliant cut diamonds,Love Lockdown,7600,,USD,YES,8,,,love-lockdown-diamond-ring-1,https://jacobandco.shop/products/love-lockdown-diamond-ring-1,2026-08-19 05:22:54
VARIANT:41773526515848,7709128065160,41773526515848,92356022,Love Lockdown Diamond Ring,8,,Hand crafted in 18k rose gold and set with 145 high-quality round brilliant cut diamonds,Love Lockdown,7600,,USD,YES,8,,,love-lockdown-diamond-ring-2,https://jacobandco.shop/products/love-lockdown-diamond-ring-2,2026-08-19 05:22:54
VARIANT:41773529989256,7709112238216,41773529989256,92356021,Love Lockdown Diamond Ring,8,,Hand crafted in 18k white gold and set with 145 high-quality round brilliant cut diamonds,Love Lockdown,7600,,USD,YES,8,,,love-lockdown-diamond-ring,https://jacobandco.shop/products/love-lockdown-diamond-ring,2026-08-19 05:22:54
VARIANT:40391832993928,6912605585544,40391832993928,92456954,Love Lockdown Earrings,Default Title,,Hand crafted in 18k rose gold,Love Lockdown,2800,,USD,YES,Default Title,,,love-lockdown-earrings-2,https://jacobandco.shop/products/love-lockdown-earrings-2,2026-08-19 05:22:54
VARIANT:41036442796168,7262568775816,41036442796168,92456957,Love Lockdown Earrings,Default Title,,Hand crafted in 18k yellow gold,Love Lockdown,2800,,USD,YES,Default Title,,,love-lockdown-earrings-yellow-gold,https://jacobandco.shop/products/love-lockdown-earrings-yellow-gold,2026-08-19 05:22:54
VARIANT:41036444467336,7262572019848,41036444467336,92456955,Love Lockdown Earrings,Default Title,,Hand crafted in 18k white gold,Love Lockdown,2800,,USD,YES,Default Title,,,love-lockdown-earrings-white-gold,https://jacobandco.shop/products/love-lockdown-earrings-white-gold,2026-08-19 05:22:54
VARIANT:43522794684552,8563413287048,43522794684552,92560443,Love Lockdown Earrings,Default Title,,Hand crafted in 925 sterling silver,Love Lockdown,500,,USD,YES,Default Title,,,love-lockdown-earrings-sterling-silver,https://jacobandco.shop/products/love-lockdown-earrings-sterling-silver,2026-08-19 05:22:54
VARIANT:43522850095240,8563432128648,43522850095240,92460247,Love Lockdown Hanging Diamond Earrings,Default Title,,Hand crafted in 18k white gold and set with 216 high-quality round brilliant cut diamonds,Love Lockdown,15000,,USD,YES,Default Title,,,love-lockdown-hanging-diamond-earrings-white-gold,https://jacobandco.shop/products/love-lockdown-hanging-diamond-earrings-white-gold,2026-08-19 05:22:54
VARIANT:43523071967368,8563488194696,43523071967368,92460098,Love Lockdown Hanging Diamond Earrings,Default Title,,Hand crafted in 18k rose gold and set with 216 high-quality round brilliant cut diamonds,Love Lockdown,15000,,USD,YES,Default Title,,,love-lockdown-hanging-diamond-earrings-rose-gold,https://jacobandco.shop/products/love-lockdown-hanging-diamond-earrings-rose-gold,2026-08-19 05:22:54
VARIANT:43523101261960,8563496386696,43523101261960,92460246,Love Lockdown Hanging Diamond Earrings,Default Title,,Hand crafted in 18k yellow gold and set with 216 high-quality round brilliant cut diamonds,Love Lockdown,15000,,USD,YES,Default Title,,,love-lockdown-hanging-diamond-earrings-yellow-gold,https://jacobandco.shop/products/love-lockdown-hanging-diamond-earrings-yellow-gold,2026-08-19 05:22:54
VARIANT:40437350629512,6929126064264,40437350629512,92562334,Love Lockdown Interlocking Diamond Necklace,Default Title,,Hand crafted in 18k rose gold and set with 100 high-quality round brilliant cut diamonds,Love Lockdown,5700,,USD,YES,Default Title,,,love-lockdown-pendant-1,https://jacobandco.shop/products/love-lockdown-pendant-1,2026-08-19 05:22:54
VARIANT:41045400158344,7272328790152,41045400158344,92562335,Love Lockdown Interlocking Diamond Necklace,Default Title,,Hand crafted in 18k yellow gold and set with 100 high-quality round brilliant cut diamonds,Love Lockdown,5700,,USD,YES,Default Title,,,love-lockdown-interlocking-diamond-necklace,https://jacobandco.shop/products/love-lockdown-interlocking-diamond-necklace,2026-08-19 05:22:54
VARIANT:41045400748168,7272331116680,41045400748168,92664221,Love Lockdown Interlocking Diamond Necklace,Default Title,,Hand crafted in 18k white gold and set with 100 high-quality round brilliant cut diamonds,Love Lockdown,5700,,USD,YES,Default Title,,,love-lockdown-interlocking-diamond-necklace-1,https://jacobandco.shop/products/love-lockdown-interlocking-diamond-necklace-1,2026-08-19 05:22:54
VARIANT:43261840457864,8479742591112,43261840457864,92561091,Love Lockdown Interlocking Diamond Necklace,Default Title,,Hand crafted in 18k rose gold and set with high-quality round brilliant cut diamonds and rubies,Love Lockdown,5700,,USD,YES,Default Title,,,love-lockdown-interlocking-diamond-necklace-rubies-and-white-diamonds,https://jacobandco.shop/products/love-lockdown-interlocking-diamond-necklace-rubies-and-white-diamonds,2026-08-19 05:22:54
VARIANT:46146588704904,8959415550088,46146588704904,92561091,Love Lockdown Interlocking Diamond Necklace Brazil Edition,Default Title,,Hand crafted in 18k rose gold and set with high-quality yellow sapphires and green tsavorites,Love Lockdown,6700,,USD,YES,Default Title,,,love-lockdown-interlocking-diamond-necklace-brazil-edition,https://jacobandco.shop/products/love-lockdown-interlocking-diamond-necklace-brazil-edition,2026-08-19 05:22:54
VARIANT:46146235072648,8959199674504,46146235072648,92561091,Love Lockdown Interlocking Diamond Necklace New York Edition,Default Title,,Hand crafted in 18k rose gold and set with high-quality orange and blue sapphires,Love Lockdown,6700,,USD,YES,Default Title,,,love-lockdown-interlocking-diamond-necklace-new-york-edition,https://jacobandco.shop/products/love-lockdown-interlocking-diamond-necklace-new-york-edition,2026-08-19 05:22:54
VARIANT:41080140103816,7310340554888,41080140103816,92560683,Love Lockdown Interlocking Necklace,Default Title,,Hand crafted in 18k rose gold,Love Lockdown,4500,,USD,YES,Default Title,,,love-lockdown-interlocking-necklace,https://jacobandco.shop/products/love-lockdown-interlocking-necklace,2026-08-19 05:22:54
VARIANT:41080193613960,7310420279432,41080193613960,92456925,Love Lockdown Interlocking Necklace,Default Title,,Hand crafted in 18k white gold,Love Lockdown,4500,,USD,YES,Default Title,,,love-lockdown-interlocking-necklace-1,https://jacobandco.shop/products/love-lockdown-interlocking-necklace-1,2026-08-19 05:22:54
VARIANT:41080195121288,7310422048904,41080195121288,92456927,Love Lockdown Interlocking Necklace,Default Title,,Hand crafted in 18k yellow gold,Love Lockdown,4500,,USD,YES,Default Title,,,love-lockdown-interlocking-necklace-2,https://jacobandco.shop/products/love-lockdown-interlocking-necklace-2,2026-08-19 05:22:54
VARIANT:41776283713672,7812426563720,41776283713672,92562333,Love Lockdown Interlocking Necklace,Default Title,,Hand crafted in 925 sterling silver,Love Lockdown,650,,USD,YES,Default Title,,,love-lockdown-interlocking-necklace-3,https://jacobandco.shop/products/love-lockdown-interlocking-necklace-3,2026-08-19 05:22:54
VARIANT:42305230635144,7545458589832,42305230635144,92354641,Love Lockdown Men's Bracelet,18cm,,Hand crafted in 18k white gold and set with 980 high-quality round brilliant cut diamonds,Love Lockdown,150000,,USD,YES,18cm,,,love-lockdown-bangle-2,https://jacobandco.shop/products/love-lockdown-bangle-2,2026-08-19 05:22:54
VARIANT:42305233223816,7545487949960,42305233223816,92354257,Love Lockdown Men's Bracelet,18cm,,Hand crafted in 18k rose gold and set with 980 high-quality round brilliant cut diamonds,Love Lockdown,150000,,USD,YES,18cm,,,love-lockdown-bangle-3,https://jacobandco.shop/products/love-lockdown-bangle-3,2026-08-19 05:22:54
VARIANT:42305230667912,7545458589832,42305230667912,92354641,Love Lockdown Men's Bracelet,19cm,,Hand crafted in 18k white gold and set with 980 high-quality round brilliant cut diamonds,Love Lockdown,150000,,USD,YES,19cm,,,love-lockdown-bangle-2,https://jacobandco.shop/products/love-lockdown-bangle-2,2026-08-19 05:22:54
VARIANT:42305233256584,7545487949960,42305233256584,92354257,Love Lockdown Men's Bracelet,19cm,,Hand crafted in 18k rose gold and set with 980 high-quality round brilliant cut diamonds,Love Lockdown,150000,,USD,YES,19cm,,,love-lockdown-bangle-3,https://jacobandco.shop/products/love-lockdown-bangle-3,2026-08-19 05:22:54
VARIANT:41208195252360,7440430071944,41208195252360,92353797,Love Lockdown Ring,5,,Hand crafted in 18k rose gold,Love Lockdown,4800,,USD,YES,5,,,love-lockdown-ring,https://jacobandco.shop/products/love-lockdown-ring,2026-08-19 05:22:54
VARIANT:41208200953992,7440439607432,41208200953992,92353803,Love Lockdown Ring,5,,Hand crafted in 18k white gold,Love Lockdown,4800,,USD,YES,5,,,love-lockdown-ring-2,https://jacobandco.shop/products/love-lockdown-ring-2,2026-08-19 05:22:54
VARIANT:41208212291720,7440452911240,41208212291720,92353800,Love Lockdown Ring,5,,Hand crafted in 18k yellow gold,Love Lockdown,4800,,USD,YES,5,,,love-lockdown-ring-3,https://jacobandco.shop/products/love-lockdown-ring-3,2026-08-19 05:22:54
VARIANT:43522811330696,8563418726536,43522811330696,92560444,Love Lockdown Ring,5,,Hand crafted in sterling silver,Love Lockdown,450,,USD,YES,5,,,love-lockdown-ring-sterling-silver,https://jacobandco.shop/products/love-lockdown-ring-sterling-silver,2026-08-19 05:22:54
VARIANT:41208195285128,7440430071944,41208195285128,92356645,Love Lockdown Ring,6,,Hand crafted in 18k rose gold,Love Lockdown,4800,,USD,YES,6,,,love-lockdown-ring,https://jacobandco.shop/products/love-lockdown-ring,2026-08-19 05:22:54
VARIANT:41208200986760,7440439607432,41208200986760,92458652,Love Lockdown Ring,6,,Hand crafted in 18k white gold,Love Lockdown,4800,,USD,YES,6,,,love-lockdown-ring-2,https://jacobandco.shop/products/love-lockdown-ring-2,2026-08-19 05:22:54
VARIANT:41208212324488,7440452911240,41208212324488,92356643,Love Lockdown Ring,6,,Hand crafted in 18k yellow gold,Love Lockdown,4800,,USD,YES,6,,,love-lockdown-ring-3,https://jacobandco.shop/products/love-lockdown-ring-3,2026-08-19 05:22:54
VARIANT:43522811363464,8563418726536,43522811363464,92560445,Love Lockdown Ring,6,,Hand crafted in sterling silver,Love Lockdown,450,,USD,YES,6,,,love-lockdown-ring-sterling-silver,https://jacobandco.shop/products/love-lockdown-ring-sterling-silver,2026-08-19 05:22:54
VARIANT:41208195317896,7440430071944,41208195317896,92356718,Love Lockdown Ring,7,,Hand crafted in 18k rose gold,Love Lockdown,4800,,USD,YES,7,,,love-lockdown-ring,https://jacobandco.shop/products/love-lockdown-ring,2026-08-19 05:22:54
VARIANT:41208201019528,7440439607432,41208201019528,92353805,Love Lockdown Ring,7,,Hand crafted in 18k white gold,Love Lockdown,4800,,USD,YES,7,,,love-lockdown-ring-2,https://jacobandco.shop/products/love-lockdown-ring-2,2026-08-19 05:22:54
VARIANT:41208212357256,7440452911240,41208212357256,92356644,Love Lockdown Ring,7,,Hand crafted in 18k yellow gold,Love Lockdown,4800,,USD,YES,7,,,love-lockdown-ring-3,https://jacobandco.shop/products/love-lockdown-ring-3,2026-08-19 05:22:54
VARIANT:43522811396232,8563418726536,43522811396232,92560446,Love Lockdown Ring,7,,Hand crafted in sterling silver,Love Lockdown,450,,USD,YES,7,,,love-lockdown-ring-sterling-silver,https://jacobandco.shop/products/love-lockdown-ring-sterling-silver,2026-08-19 05:22:54
VARIANT:41773523370120,7440452911240,41773523370120,92353803,Love Lockdown Ring,8,,Hand crafted in 18k yellow gold,Love Lockdown,4800,,USD,YES,8,,,love-lockdown-ring-3,https://jacobandco.shop/products/love-lockdown-ring-3,2026-08-19 05:22:54
VARIANT:41773524877448,7440430071944,41773524877448,92353800,Love Lockdown Ring,8,,Hand crafted in 18k rose gold,Love Lockdown,4800,,USD,YES,8,,,love-lockdown-ring,https://jacobandco.shop/products/love-lockdown-ring,2026-08-19 05:22:54
VARIANT:41773525696648,7440439607432,41773525696648,92353806,Love Lockdown Ring,8,,Hand crafted in 18k white gold,Love Lockdown,4800,,USD,YES,8,,,love-lockdown-ring-2,https://jacobandco.shop/products/love-lockdown-ring-2,2026-08-19 05:22:54
VARIANT:46426702020744,9110419931272,46426702020744,92664014,Love Lockdown Single Cuff Diamond Pendant,Default Title,,Hand crafted in 18k rose gold and white diamonds,Love Lockdown,4500,,USD,YES,Default Title,,,love-lockdown-single-cuff-diamond-pendant,https://jacobandco.shop/products/love-lockdown-single-cuff-diamond-pendant,2026-08-19 05:22:54
VARIANT:46426733248648,9110424912008,46426733248648,92664082,Love Lockdown Single Cuff Diamond Pendant,Default Title,,Hand crafted in 18k white gold and white diamonds,Love Lockdown,4500,,USD,YES,Default Title,,,love-lockdown-single-cuff-diamond-pendant-1,https://jacobandco.shop/products/love-lockdown-single-cuff-diamond-pendant-1,2026-08-19 05:22:54
VARIANT:46426734755976,9110425501832,46426734755976,92664081,Love Lockdown Single Cuff Diamond Pendant,Default Title,,Hand crafted in 18k yellow gold and white diamonds,Love Lockdown,4500,,USD,YES,Default Title,,,love-lockdown-single-cuff-diamond-pendant-2,https://jacobandco.shop/products/love-lockdown-single-cuff-diamond-pendant-2,2026-08-19 05:22:54
VARIANT:46426639630472,9110392045704,46426639630472,92664115,Love Lockdown Single Cuff Pendant,Default Title,,Hand crafted in 18k rose gold,Love Lockdown,3600,,USD,YES,Default Title,,,love-lockdown-single-cuff-pendant,https://jacobandco.shop/products/love-lockdown-single-cuff-pendant,2026-08-19 05:22:54
VARIANT:43461601984648,8537979125896,43461601984648,92457232,Love Lockdown Two Finger Ring,6,,Hand crafted in 18k rose gold with pave set white diamonds on the rim,Love Lockdown,23500,,USD,YES,6,,,love-lockdown-two-finger-ring,https://jacobandco.shop/products/love-lockdown-two-finger-ring,2026-08-19 05:22:54
VARIANT:42298712326280,7546647969928,42298712326280,92457295,Love Lockdown Wristlet,16cm,,Hand crafted in 18k white gold,Love Lockdown,50200,,USD,YES,16cm,,,love-lockdown-wristlet-8,https://jacobandco.shop/products/love-lockdown-wristlet-8,2026-08-19 05:22:54
VARIANT:42298758267016,7546652295304,42298758267016,92457296,Love Lockdown Wristlet,16cm,,Hand crafted in 18k rose gold,Love Lockdown,50200,,USD,YES,16cm,,,love-lockdown-wristlet-9,https://jacobandco.shop/products/love-lockdown-wristlet-9,2026-08-19 05:22:54
VARIANT:42298766688392,7546643251336,42298766688392,92356444,Love Lockdown Wristlet,16cm,,Hand crafted in 18k white gold and set with high-quality round brilliant cut diamonds,Love Lockdown,135000,,USD,YES,16cm,,,love-lockdown-bangle-6,https://jacobandco.shop/products/love-lockdown-bangle-6,2026-08-19 05:22:54
VARIANT:42298768490632,7546652885128,42298768490632,92149117,Love Lockdown Wristlet,16cm,,Hand crafted in 18k white gold and set with high-quality round brilliant cut diamonds,Love Lockdown,58400,,USD,YES,16cm,,,love-lockdown-bangle-10,https://jacobandco.shop/products/love-lockdown-bangle-10,2026-08-19 05:22:54
VARIANT:42298829504648,7546646593672,42298829504648,92253434,Love Lockdown Wristlet,16cm,,Hand crafted in 18k rose gold and set with high-quality round brilliant cut diamonds,Love Lockdown,135000,,USD,YES,16cm,,,love-lockdown-bangle-7,https://jacobandco.shop/products/love-lockdown-bangle-7,2026-08-19 05:22:54
VARIANT:42299558887560,6865886838920,42299558887560,92456952,Love Lockdown Wristlet,16cm,,Hand crafted in 18k rose gold and set with high-quality round brilliant cut diamonds,Love Lockdown,58400,,USD,YES,16cm,,,love-lockdown-bracelet-1,https://jacobandco.shop/products/love-lockdown-bracelet-1,2026-08-19 05:22:54
VARIANT:42304768802952,7609695862920,42304768802952,92354359,Lucky You Bracelet,16cm,,"Hand crafted in 18k rose gold and set with high-quality white diamonds, round cabochon emerald, and blue, green, and red enamel.",Lucky You,6500,,USD,YES,16cm,,,lucky-you-bracelet,https://jacobandco.shop/products/lucky-you-bracelet,2026-08-19 05:22:54
VARIANT:42557430104200,8198231785608,42557430104200,92458162,Lucky You Bracelet,16cm,Bracelet,"Hand crafted in 18k white gold and set with high-quality white diamonds, round cabochon emerald, and blue, green, and red enamel.",Lucky You,6500,,USD,YES,16cm,,,lucky-you-bracelet-navy-blue-string,https://jacobandco.shop/products/lucky-you-bracelet-navy-blue-string,2026-08-19 05:22:54
VARIANT:42304772866184,6830284406920,42304772866184,92354466,Lucky You Bracelet,18cm,,"Hand crafted in 18k rose gold and set with high-quality white diamonds, round cabochon emerald, and blue, green, and red enamel.",Lucky You,19200,,USD,YES,18cm,,,lucky-you-bracelet-gold-chain,https://jacobandco.shop/products/lucky-you-bracelet-gold-chain,2026-08-19 05:22:54
VARIANT:42304770113672,7754615914632,42304770113672,92356478,Lucky You Bracelet,Default Title,,"Hand crafted in 18k rose gold and set with high-quality white diamonds, round cabochon emerald, and blue, green, and red enamel.",Lucky You,7700,,USD,YES,Default Title,,,lucky-you-bracelet-1,https://jacobandco.shop/products/lucky-you-bracelet-1,2026-08-19 05:22:54
VARIANT:42863795667080,8333271859336,42863795667080,92457354,Lucky You Earrings,Default Title,Jewelry,"Hand crafted in 18k rose gold and set with high-quality white diamonds, round cabochon emeralds, and blue and green enamel.",Lucky You,14600,,USD,YES,Default Title,,,lucky-you-earrings,https://jacobandco.shop/products/lucky-you-earrings,2026-08-19 05:22:54
VARIANT:43367075152008,8512811401352,43367075152008,92561355,Lucky You Earrings,Default Title,Jewelry,"Hand crafted in 18k white gold and set with high-quality white diamonds, round cabochon emeralds, and blue and green enamel.",Lucky You,14600,,USD,YES,Default Title,,,lucky-you-earrings-white-gold,https://jacobandco.shop/products/lucky-you-earrings-white-gold,2026-08-19 05:22:54
VARIANT:40437348925576,6929124851848,40437348925576,92562353,Lucky You Necklace,Default Title,,"Hand crafted in 18k rose gold and set with high-quality white pearl, round cabochon emerald, and blue, green, and red enamel.",Lucky You,4500,,USD,YES,Default Title,,,lucky-you-necklace-3,https://jacobandco.shop/products/lucky-you-necklace-3,2026-08-19 05:22:54
VARIANT:41363428868232,7586601631880,41363428868232,92356759,Lucky You Necklace,Default Title,,"Hand crafted in 18k rose gold and set with high-quality white diamonds, round cabochon emerald, and blue-green and red enamel.",Lucky You,48900,,USD,YES,Default Title,,,lucky-you-necklace,https://jacobandco.shop/products/lucky-you-necklace,2026-08-19 05:22:54
VARIANT:40123575926920,6830286962824,40123575926920,92148372,Lucky You Pendant,Default Title,,"Hand crafted in 18k rose gold and set with high-quality white diamonds, round cabochon emerald, and blue, green, and red enamel.",Lucky You,18700,,USD,YES,Default Title,,,lucky-you-necklace-1,https://jacobandco.shop/products/lucky-you-necklace-1,2026-08-19 05:22:54
VARIANT:42593891516552,8212581286024,42593891516552,92356804,Lucky You Pendant,Default Title,,"Hand crafted in 18k rose gold and set with high-quality white diamonds, round cabochon emeralds, and blue, green, and red enamel.",Lucky You,44500,,USD,YES,Default Title,,,lucky-you-pendant,https://jacobandco.shop/products/lucky-you-pendant,2026-08-19 05:22:54
VARIANT:42863795241096,8333255377032,42863795241096,92458596,Lucky You Ring,6,Ring,Hand crafted in 18k rose gold and set with high-quality white diamonds,Lucky You,24900,,USD,YES,6,,,lucky-you-ring-rose-gold,https://jacobandco.shop/products/lucky-you-ring-rose-gold,2026-08-19 05:22:54
VARIANT:41364620116104,7587543154824,41364620116104,92251523,Lucky You Ring,Default Title,,"Hand crafted in 18k rose gold and set with high-quality white diamonds, round cabochon emeralds, and blue, green, and red enamel.",Lucky You,28900,,USD,YES,Default Title,,,lucky-you-ring,https://jacobandco.shop/products/lucky-you-ring,2026-08-19 05:22:54
VARIANT:40437346107528,6929123246216,40437346107528,92354358,Lucky You Small Necklace,Default Title,,"Hand crafted in 18k rose gold and set with high-quality diamonds, round cabochon emerald, and blue, green, and red enamel.",Lucky You,7700,,USD,YES,Default Title,,,lucky-you-necklace-2,https://jacobandco.shop/products/lucky-you-necklace-2,2026-08-19 05:22:54
VARIANT:40110065057928,6826009526408,40110065057928,92149969,Mama Diamond Necklace,Default Title,,Hand crafted in 18k rose gold and set with 77 high-quality round brilliant cut diamonds,You Are You,2500,,USD,YES,Default Title,,,you-are-you-necklace-5,https://jacobandco.shop/products/you-are-you-necklace-5,2026-08-19 05:22:54
VARIANT:41799232979080,7831989715080,41799232979080,92353788,Match Diamond Bangle,15,,Hand crafted in 18k rose gold and set with white diamond pave on head,Match Collection,15900,,USD,YES,15,,,match-white-diamond-rose-gold-bangle,https://jacobandco.shop/products/match-white-diamond-rose-gold-bangle,2026-08-19 05:22:54
VARIANT:41799233667208,7831824924808,41799233667208,92252412,Match Diamond Bangle,15,,Hand crafted in 18k white gold and set with white diamond pave on head,Match Collection,15900,,USD,YES,15,,,match-white-diamond-bangle,https://jacobandco.shop/products/match-white-diamond-bangle,2026-08-19 05:22:54
VARIANT:41803632443528,7834108690568,41803632443528,92353791,Match Diamond Bangle,15,,Hand crafted in 18k rose gold and set with white diamond pave on bracelet and head,Match Collection,19800,,USD,YES,15,,,match-diamond-bangle-full-pave,https://jacobandco.shop/products/match-diamond-bangle-full-pave,2026-08-19 05:22:54
VARIANT:41889724563592,7886206959752,41889724563592,,Match Diamond Bangle,15,,Hand crafted in 18k white gold and set with white diamond pave on head,Match Collection,19800,,USD,YES,15,,,match-diamond-bangle-pave,https://jacobandco.shop/products/match-diamond-bangle-pave,2026-08-19 05:22:54
VARIANT:41799233011848,7831989715080,41799233011848,92353789,Match Diamond Bangle,16,,Hand crafted in 18k rose gold and set with white diamond pave on head,Match Collection,15900,,USD,YES,16,,,match-white-diamond-rose-gold-bangle,https://jacobandco.shop/products/match-white-diamond-rose-gold-bangle,2026-08-19 05:22:54
VARIANT:41799233699976,7831824924808,41799233699976,92252413,Match Diamond Bangle,16,,Hand crafted in 18k white gold and set with white diamond pave on head,Match Collection,15900,,USD,YES,16,,,match-white-diamond-bangle,https://jacobandco.shop/products/match-white-diamond-bangle,2026-08-19 05:22:54
VARIANT:41803632476296,7834108690568,41803632476296,92353791,Match Diamond Bangle,16,,Hand crafted in 18k rose gold and set with white diamond pave on bracelet and head,Match Collection,19800,,USD,YES,16,,,match-diamond-bangle-full-pave,https://jacobandco.shop/products/match-diamond-bangle-full-pave,2026-08-19 05:22:54
VARIANT:41889724596360,7886206959752,41889724596360,,Match Diamond Bangle,16,,Hand crafted in 18k white gold and set with white diamond pave on head,Match Collection,19800,,USD,YES,16,,,match-diamond-bangle-pave,https://jacobandco.shop/products/match-diamond-bangle-pave,2026-08-19 05:22:54
VARIANT:41799233044616,7831989715080,41799233044616,92353790,Match Diamond Bangle,17,,Hand crafted in 18k rose gold and set with white diamond pave on head,Match Collection,15900,,USD,YES,17,,,match-white-diamond-rose-gold-bangle,https://jacobandco.shop/products/match-white-diamond-rose-gold-bangle,2026-08-19 05:22:54
VARIANT:41799233732744,7831824924808,41799233732744,92252414,Match Diamond Bangle,17,,Hand crafted in 18k white gold and set with white diamond pave on head,Match Collection,15900,,USD,YES,17,,,match-white-diamond-bangle,https://jacobandco.shop/products/match-white-diamond-bangle,2026-08-19 05:22:54
VARIANT:41803632509064,7834108690568,41803632509064,92353791,Match Diamond Bangle,17,,Hand crafted in 18k rose gold and set with white diamond pave on bracelet and head,Match Collection,19800,,USD,YES,17,,,match-diamond-bangle-full-pave,https://jacobandco.shop/products/match-diamond-bangle-full-pave,2026-08-19 05:22:54
VARIANT:41889724629128,7886206959752,41889724629128,,Match Diamond Bangle,17,,Hand crafted in 18k white gold and set with white diamond pave on head,Match Collection,19800,,USD,YES,17,,,match-diamond-bangle-pave,https://jacobandco.shop/products/match-diamond-bangle-pave,2026-08-19 05:22:54
VARIANT:41453650903176,7638775136392,41453650903176,92354646,Match Diamond Earrings,Default Title,,Hand crafted in 18k white gold and 18k rose gold and set with white pave diamonds on stick and head,Match Collection,21500,,USD,YES,Default Title,,,match-earrings-pave,https://jacobandco.shop/products/match-earrings-pave,2026-08-19 05:22:54
VARIANT:41453659914376,7638789456008,41453659914376,92354645,Match Diamond Earrings,Default Title,,Hand crafted in 18k white gold and set with white pave diamonds on stick and head,Match Collection,21500,,USD,YES,Default Title,,,match-earrings-white-diamonds,https://jacobandco.shop/products/match-earrings-white-diamonds,2026-08-19 05:22:54
VARIANT:41459973685384,7641864994952,41459973685384,92252277,Match Diamond Necklace,5cm,,Hand crafted in 18k white gold and set with white diamond pave on stick and head,Match Collection,10700,,USD,YES,5cm,,,match-necklace-full-pave-white-gold,https://jacobandco.shop/products/match-necklace-full-pave-white-gold,2026-08-19 05:22:54
VARIANT:41459982172296,7641886195848,41459982172296,92252278,Match Diamond Necklace,5cm,,Hand crafted in 18k rose gold and set with white diamond pave on stick and head,Match Collection,10700,,USD,YES,5cm,,,match-necklace-rose-gold-full-pave,https://jacobandco.shop/products/match-necklace-rose-gold-full-pave,2026-08-19 05:22:54
VARIANT:41459973718152,7641864994952,41459973718152,92251748,Match Diamond Necklace,7cm,,Hand crafted in 18k white gold and set with white diamond pave on stick and head,Match Collection,11900,,USD,YES,7cm,,,match-necklace-full-pave-white-gold,https://jacobandco.shop/products/match-necklace-full-pave-white-gold,2026-08-19 05:22:54
VARIANT:41459982205064,7641886195848,41459982205064,92251747,Match Diamond Necklace,7cm,,Hand crafted in 18k rose gold and set with white diamond pave on stick and head,Match Collection,11900,,USD,YES,7cm,,,match-necklace-rose-gold-full-pave,https://jacobandco.shop/products/match-necklace-rose-gold-full-pave,2026-08-19 05:22:54
VARIANT:41459897139336,7641808437384,41459897139336,92354693,Match Diamond Ring,Default Title,,Hand crafted in 18k rose gold and set with two full white diamond pave heads and match sticks,Match Collection,5800,,USD,YES,Default Title,,,match-ring-white-diamonds-pave,https://jacobandco.shop/products/match-ring-white-diamonds-pave,2026-08-19 05:22:54
VARIANT:41459931775112,7641841303688,41459931775112,92354687,Match Diamond Ring,Default Title,,Hand crafted in 18k white gold and set with two full white diamond pave heads and match sticks,Match Collection,5800,,USD,YES,Default Title,,,match-ring-white-gold-full-pave,https://jacobandco.shop/products/match-ring-white-gold-full-pave,2026-08-19 05:22:54
VARIANT:41889479098504,7885994918024,41889479098504,92252415,Match Ruby Diamond Bangle,Default Title,,Hand crafted in 18k rose gold and set with white diamond pave on bracelet and ruby pave on head,Match Collection,19800,,USD,YES,Default Title,,,match-ruby-diamond-bangle,https://jacobandco.shop/products/match-ruby-diamond-bangle,2026-08-19 05:22:54
VARIANT:41453663584392,7638795223176,41453663584392,92355336,Match Ruby Diamond Earrings,Default Title,,Hand crafted in 18k rose gold and set with white pave diamonds on stick and rubies on head,Match Collection,21000,,USD,YES,Default Title,,,match-earrings-ruby-pave-head,https://jacobandco.shop/products/match-earrings-ruby-pave-head,2026-08-19 05:22:54
VARIANT:41460042596488,7641935216776,41460042596488,92252182,Match Ruby Diamond Necklace,5cm,,Hand crafted in 18k rose gold with white diamond pave on stick and ruby pave on head,Match Collection,9900,,USD,YES,5cm,,,match-necklace-rose-gold-ruby-pave,https://jacobandco.shop/products/match-necklace-rose-gold-ruby-pave,2026-08-19 05:22:54
VARIANT:41460042629256,7641935216776,41460042629256,92252398,Match Ruby Diamond Necklace,7cm,,Hand crafted in 18k rose gold with white diamond pave on stick and ruby pave on head,Match Collection,11600,,USD,YES,7cm,,,match-necklace-rose-gold-ruby-pave,https://jacobandco.shop/products/match-necklace-rose-gold-ruby-pave,2026-08-19 05:22:54
VARIANT:41640507244680,7741656236168,41640507244680,92354683,Match Ruby Diamond Ring,Default Title,,Hand crafted in 18k rose gold and set with two ruby pave heads on white diamond pave match sticks,Match Collection,5800,,USD,YES,Default Title,,,match-ring,https://jacobandco.shop/products/match-ring,2026-08-19 05:22:54
VARIANT:41640450949256,7741620912264,41640450949256,92253330,Match Sapphire Diamond Bangle,Default Title,,Hand crafted in 18k white gold and set with white diamond pave on bracelet and blue sapphire pave on head,Match Collection,19800,,USD,YES,Default Title,,,match-bangle-bracelet,https://jacobandco.shop/products/match-bangle-bracelet,2026-08-19 05:22:54
VARIANT:41431356768392,7626049355912,41431356768392,92355337,Match Sapphire Diamond Earrings,Default Title,,Hand crafted in 18k white gold and set with white pave diamonds on stick and blue sapphire pave on head,Match Collection,21000,,USD,YES,Default Title,,,match-earrings,https://jacobandco.shop/products/match-earrings,2026-08-19 05:22:54
VARIANT:41460013596808,7641914671240,41460013596808,92253345,Match Sapphire Diamond Necklace,5cm,,Hand crafted in 18k white gold with white diamond pave on stick and blue sapphire pave on head,Match Collection,9900,,USD,YES,5cm,,,match-necklace-white-gold-blue-sapphires-pave,https://jacobandco.shop/products/match-necklace-white-gold-blue-sapphires-pave,2026-08-19 05:22:54
VARIANT:41460013629576,7641914671240,41460013629576,92252399,Match Sapphire Diamond Necklace,7cm,,Hand crafted in 18k white gold with white diamond pave on stick and blue sapphire pave on head,Match Collection,11600,,USD,YES,7cm,,,match-necklace-white-gold-blue-sapphires-pave,https://jacobandco.shop/products/match-necklace-white-gold-blue-sapphires-pave,2026-08-19 05:22:54
VARIANT:42304848855176,6899742048392,42304848855176,92457621,Office Supplies Bracelet,22,,Hand crafted in 18k rose gold,Office Supplies By Virgil Abloh,14900,,USD,YES,22,,,office-supplies-bracelet-1,https://jacobandco.shop/products/office-supplies-bracelet-1,2026-08-19 05:22:54
VARIANT:42304766247048,7405421101192,42304766247048,92354926,Office Supplies Bracelet,22cm,,Hand crafted in 18k white gold,Office Supplies By Virgil Abloh,14900,,USD,YES,22cm,,,office-supplies-bracelet-3,https://jacobandco.shop/products/office-supplies-bracelet-3,2026-08-19 05:22:54
VARIANT:42304766574728,7741501079688,42304766574728,92355978,Office Supplies Diamond Bracelet,22cm,,Hand crafted in 18k white gold and set with white diamonds,Office Supplies By Virgil Abloh,48700,,USD,YES,22cm,,,office-supplies-diamond-bracelet-2,https://jacobandco.shop/products/office-supplies-diamond-bracelet-2,2026-08-19 05:22:54
VARIANT:42304767131784,7741448814728,42304767131784,92255979,Office Supplies Diamond Bracelet,22cm,,Hand crafted in 18k rose gold and set with white diamonds,Office Supplies By Virgil Abloh,48700,,USD,YES,22cm,,,office-supplies-diamond-bracelet,https://jacobandco.shop/products/office-supplies-diamond-bracelet,2026-08-19 05:22:54
VARIANT:42324940521608,8085808054408,42324940521608,92356558,Office Supplies Diamond Earrings,Default Title,,Hand crafted in 18k rose gold and 1026 high quality diamonds,Office Supplies By Virgil Abloh,28400,,USD,YES,Default Title,,,office-supplies-diamond-earrings,https://jacobandco.shop/products/office-supplies-diamond-earrings,2026-08-19 05:22:54
VARIANT:42325149155464,8085851046024,42325149155464,92356557,Office Supplies Diamond Earrings,Default Title,,Hand crafted in 14k & 18k white gold and 1026 high quality diamonds,Office Supplies By Virgil Abloh,28400,,USD,YES,Default Title,,,office-supplies-diamond-earrings-white-gold,https://jacobandco.shop/products/office-supplies-diamond-earrings-white-gold,2026-08-19 05:22:54
VARIANT:40363449417864,6899739295880,40363449417864,92046929,Office Supplies Earrings,Default Title,,Hand crafted in 18k white gold,Office Supplies By Virgil Abloh,8200,,USD,YES,Default Title,,,office-supplies-earrings-1,https://jacobandco.shop/products/office-supplies-earrings-1,2026-08-19 05:22:54
VARIANT:41151068504200,7391901188232,41151068504200,,Office Supplies Earrings,Default Title,,Hand crafted in 18k rose gold,Office Supplies By Virgil Abloh,8200,,USD,YES,Default Title,,,office-supplies-earrings,https://jacobandco.shop/products/office-supplies-earrings,2026-08-19 05:22:54
VARIANT:42304765100168,7741528244360,42304765100168,92355981,Office Supplies Necklace,Default Title,,Hand crafted in 18k rose gold,Office Supplies By Virgil Abloh,36200,,USD,YES,Default Title,,,office-supplies-necklace,https://jacobandco.shop/products/office-supplies-necklace,2026-08-19 05:22:54
VARIANT:40123383742600,6830242660488,40123383742600,91842275,Papillon Bangle,Default Title,,Hand crafted in 18k rose gold and set with high-quality round brilliant cut diamonds,Papillon,47900,,USD,YES,Default Title,,,papillon-bracelet-1,https://jacobandco.shop/products/papillon-bracelet-1,2026-08-19 05:22:54
VARIANT:41384136310920,7597816610952,41384136310920,92355578,Papillon Earrings,11cm,,"Hand crafted in 18k white gold with peridot, amethyst, white diamonds, and green & purple cathedral enamel",Papillon,56700,,USD,YES,11cm,,,papillon-earrings-cathedral-enamel,https://jacobandco.shop/products/papillon-earrings-cathedral-enamel,2026-08-19 05:22:54
VARIANT:44856257446024,7618205614216,44856257446024,92354905,Papillon Earrings,11cm,,"Hand crafted in 18k white gold with tsavorites, citrine, white diamonds, and green cathedral enamel",Papillon,56700,,USD,YES,11cm,,,papillon-earrings-tsavorite,https://jacobandco.shop/products/papillon-earrings-tsavorite,2026-08-19 05:22:54
VARIANT:44856258822280,6826011951240,44856258822280,92354899,Papillon Earrings,11cm,,"Hand crafted in 18k white gold with citrine, rhodolite, white diamonds, and blue cathedral enamel",Papillon,56700,,USD,YES,11cm,,,papillon-earrings-2,https://jacobandco.shop/products/papillon-earrings-2,2026-08-19 05:22:54
VARIANT:44856257413256,7618205614216,44856257413256,92354904,Papillon Earrings,9cm,,"Hand crafted in 18k white gold with tsavorites, citrine, white diamonds, and green cathedral enamel",Papillon,40500,,USD,YES,9cm,,,papillon-earrings-tsavorite,https://jacobandco.shop/products/papillon-earrings-tsavorite,2026-08-19 05:22:54
VARIANT:44856257970312,7597816610952,44856257970312,,Papillon Earrings,9cm,,"Hand crafted in 18k white gold with peridot, amethyst, white diamonds, and green & purple cathedral enamel",Papillon,40500,,USD,YES,9cm,,,papillon-earrings-cathedral-enamel,https://jacobandco.shop/products/papillon-earrings-cathedral-enamel,2026-08-19 05:22:54
VARIANT:44856258789512,6826011951240,44856258789512,92354898,Papillon Earrings,9cm,,"Hand crafted in 18k white gold with citrine, rhodolite, white diamonds, and blue cathedral enamel",Papillon,40500,,USD,YES,9cm,,,papillon-earrings-2,https://jacobandco.shop/products/papillon-earrings-2,2026-08-19 05:22:54
VARIANT:41318257950856,7559659061384,41318257950856,92252768,Papillon Earrings,Default Title,,"Hand crafted in 18k white gold with blue topaz, pink sapphires, and white diamonds",Papillon,12500,,USD,YES,Default Title,,,papillon-earrings,https://jacobandco.shop/products/papillon-earrings,2026-08-19 05:22:54
VARIANT:41347502342280,7575137321096,41347502342280,92252612,Papillon Earrings,Default Title,,"Hand crafted in 18k white gold with blue sapphires, blue topaz, and white diamonds",Papillon,27500,,USD,YES,Default Title,,,papillon-open-wings-earrings,https://jacobandco.shop/products/papillon-open-wings-earrings,2026-08-19 05:22:54
VARIANT:41347649175688,7575208231048,41347649175688,92252679,Papillon Earrings,Default Title,,"Hand crafted in 18k white gold with blue topaz, pink sapphires, and white diamonds",Papillon,24700,,USD,YES,Default Title,,,papillon-earrings-white-gold,https://jacobandco.shop/products/papillon-earrings-white-gold,2026-08-19 05:22:54
VARIANT:41384373813384,7597980516488,41384373813384,92355276,Papillon Earrings,Default Title,,"Hand crafted in 18k white gold with peridot, amethyst, white diamonds, and green & purple cathedral enamel",Papillon,23000,,USD,YES,Default Title,,,papillon-earrings-pink,https://jacobandco.shop/products/papillon-earrings-pink,2026-08-19 05:22:54
VARIANT:40109795311752,6825954705544,40109795311752,92355284,Papillon Pendant,Default Title,,"Hand crafted in 18k white gold set with blue topaz, pink sapphires, and white diamonds",Papillon,19600,,USD,YES,Default Title,,,papillon-necklace-1,https://jacobandco.shop/products/papillon-necklace-1,2026-08-19 05:22:54
VARIANT:41347614933128,7575190634632,41347614933128,92252772,Papillon Pendant,Default Title,,"Hand crafted in 18k white gold set with blue topaz, pink sapphires, and white diamonds",Papillon,14500,,USD,YES,Default Title,,,papillon-pendant,https://jacobandco.shop/products/papillon-pendant,2026-08-19 05:22:54
VARIANT:41384398880904,7597998178440,41384398880904,92355278,Papillon Pendant,Default Title,,"Hand crafted in 18k white gold set with rose quartz, amethyst, and white diamonds",Papillon,18800,,USD,YES,Default Title,,,papillon-pendant-pink,https://jacobandco.shop/products/papillon-pendant-pink,2026-08-19 05:22:54
VARIANT:42304519569544,7575125262472,42304519569544,92355579,Papillon Ring,6,,"Hand crafted in 18k white gold with peridot, amethyst, white diamonds, green & purple cathedral enamel",Papillon,16400,,USD,YES,6,,,papillon-ring-peridot,https://jacobandco.shop/products/papillon-ring-peridot,2026-08-19 05:22:54
VARIANT:42304539656328,7575093149832,42304539656328,92252684,Papillon Ring,6,,"Hand crafted in 18k white gold with blue topaz, pink sapphire, and white diamonds",Papillon,17800,,USD,YES,6,,,papillon-ring-white-gold,https://jacobandco.shop/products/papillon-ring-white-gold,2026-08-19 05:22:54
VARIANT:42304539852936,7597836042376,42304539852936,92354900,Papillon Ring,6,,"Hand crafted in 18k white gold with rhodolite, citrine, white diamonds, and blue cathedral enamel",Papillon,15000,,USD,YES,6,,,papillon-cathedral-enamel-ring,https://jacobandco.shop/products/papillon-cathedral-enamel-ring,2026-08-19 05:22:54
VARIANT:42304581697672,7597828079752,42304581697672,92252615,Papillon Ring,6,,"Hand crafted in 18k white gold with blue sapphires, blue topaz, and white diamonds",Papillon,16900,,USD,YES,6,,,papillon-open-wing-ring,https://jacobandco.shop/products/papillon-open-wing-ring,2026-08-19 05:22:54
VARIANT:42304582058120,7597949091976,42304582058120,92355280,Papillon Ring,6,,"Hand crafted in 18k white gold with rose quartz, amethyst, and white diamonds",Papillon,15600,,USD,YES,6,,,papillon-ring-pink-sapphires,https://jacobandco.shop/products/papillon-ring-pink-sapphires,2026-08-19 05:22:54
VARIANT:42470033424520,7575108747400,42470033424520,92354908,Papillon Ring,6,,"Hand crafted in 18k white gold with tsavorite, citrine, white diamonds, and green cathedral enamel",Papillon,15000,,USD,YES,6,,,papillon-ring-tsavorite,https://jacobandco.shop/products/papillon-ring-tsavorite,2026-08-19 05:22:54
VARIANT:42470025592968,7597836042376,42470025592968,92354901,Papillon Ring,7,,"Hand crafted in 18k white gold with rhodolite, citrine, white diamonds, and blue cathedral enamel",Papillon,15000,,USD,YES,7,,,papillon-cathedral-enamel-ring,https://jacobandco.shop/products/papillon-cathedral-enamel-ring,2026-08-19 05:22:54
VARIANT:42470033457288,7575108747400,42470033457288,92354909,Papillon Ring,7,,"Hand crafted in 18k white gold with tsavorite, citrine, white diamonds, and green cathedral enamel",Papillon,15000,,USD,YES,7,,,papillon-ring-tsavorite,https://jacobandco.shop/products/papillon-ring-tsavorite,2026-08-19 05:22:54
VARIANT:41318242713736,7559633961096,41318242713736,92252770,Papillon Ring,Default Title,,"Hand crafted in 18k white gold with blue topaz, pink sapphires and brilliant white diamonds",Papillon,11300,,USD,YES,Default Title,,,papillon-ring,https://jacobandco.shop/products/papillon-ring,2026-08-19 05:22:54
VARIANT:44354362835080,8701929390216,44354362835080,92047243,Rare Touch Belt Bag,Default Title,,Hand crafted in 18k white gold and set with round white diamonds,Rare Touch,240000,,USD,YES,Default Title,,,rare-belt-bag,https://jacobandco.shop/products/rare-belt-bag,2026-08-19 05:22:54
VARIANT:44358460309640,8702872289416,44358460309640,92046681,Rare Touch Diamond Choker,Default Title,,"Hand crafted in 18k white gold and palladium, and set with round white diamonds",Rare Touch,290000,,USD,YES,Default Title,,,rare-touch-bigger-flat-diamond-choker,https://jacobandco.shop/products/rare-touch-bigger-flat-diamond-choker,2026-08-19 05:22:54
VARIANT:44358663438472,8702926815368,44358663438472,92148351,Rare Touch Diamond Choker,Default Title,,"Hand crafted in 18k rose gold, and set with round white diamonds",Rare Touch,290000,,USD,YES,Default Title,,,rare-touch-rose-gold-diamond-choker,https://jacobandco.shop/products/rare-touch-rose-gold-diamond-choker,2026-08-19 05:22:54
VARIANT:46204230336648,8983059136648,46204230336648,91431010,Rare Touch Diamond Glove,Default Title,,Hand crafted in 18k white gold and set with 382 brilliant cut white diamonds,Rare Touch,195000,,USD,YES,Default Title,,,rare-touch-diamond-glove,https://jacobandco.shop/products/rare-touch-diamond-glove,2026-08-19 05:22:54
VARIANT:46204285124744,8983067230344,46204285124744,,Rare Touch Diamond Glove,Default Title,,Hand crafted in 18k white gold and set with 382 brilliant cut white diamonds,Rare Touch,195000,,USD,YES,Default Title,,,rare-touch-diamond-glove-1,https://jacobandco.shop/products/rare-touch-diamond-glove-1,2026-08-19 05:22:54
VARIANT:44356891738248,8702494310536,44356891738248,91740010,Rare Touch Diamond Necklace,Default Title,Pendant,Hand crafted in 18k rose gold and set with round white diamonds,Rare Touch,17000,,USD,YES,Default Title,,,rare-touch-diamond-necklace,https://jacobandco.shop/products/rare-touch-diamond-necklace,2026-08-19 05:22:54
VARIANT:44349446258824,8700284141704,44349446258824,91946181,Rare Touch Diamond Tie,Default Title,,Hand crafted in 18k rose gold and set with round white diamonds,Rare Touch,170000,,USD,YES,Default Title,,,rare-touch-diamond-tie,https://jacobandco.shop/products/rare-touch-diamond-tie,2026-08-19 05:22:54
VARIANT:44360549499016,8703317377160,44360549499016,91738877,Rare Touch Diamond Tie,Default Title,,"Hand crafted in 18k white gold and palladium, and set with round white diamonds",Rare Touch,131300,,USD,YES,Default Title,,,rare-touch-white-gold-diamond-tie,https://jacobandco.shop/products/rare-touch-white-gold-diamond-tie,2026-08-19 05:22:54
VARIANT:44361734717576,8703557566600,44361734717576,,Rare Touch Diamond Wristlet,Default Title,,"Hand crafted in 18k white gold and palladium, and set with round white diamonds",Rare Touch,28400,,USD,YES,Default Title,,,rare-touch-diamond-mesh-wristlet,https://jacobandco.shop/products/rare-touch-diamond-mesh-wristlet,2026-08-19 05:22:54
VARIANT:43973843681416,8634287358088,43973843681416,91535591,Rare Touch Earrings,Default Title,,"Hand crafted in 18k white gold, palladium and set with round white diamonds",Rare Touch,55800,,USD,YES,Default Title,,,rare-touch-choker-earrings,https://jacobandco.shop/products/rare-touch-choker-earrings,2026-08-19 05:22:54
VARIANT:44356448157832,8702372937864,44356448157832,91637303,Rare Touch Earrings,Default Title,,"Hand crafted in 18k white gold, palladium and set with round white diamonds",Rare Touch,29800,,USD,YES,Default Title,,,rare-touch-rigid-mesh-earrings,https://jacobandco.shop/products/rare-touch-rigid-mesh-earrings,2026-08-19 05:22:54
VARIANT:44358700597384,8702933008520,44358700597384,92150466,Rare Touch Mesh Choker,Default Title,,"Hand crafted in 18k white gold, and set with round white diamonds",Rare Touch,782000,,USD,YES,Default Title,,,rare-touch-collar-mesh-choker,https://jacobandco.shop/products/rare-touch-collar-mesh-choker,2026-08-19 05:22:54
VARIANT:41889652605064,7886143651976,41889652605064,92150290,Rotor Diamond Cufflinks,Default Title,,Rotor diamond cufflinks in stainless steel meteorite background,Cufflinks,1600,,USD,YES,Default Title,,,diamond-cufflinks,https://jacobandco.shop/products/diamond-cufflinks,2026-08-19 05:22:54
VARIANT:41889702838408,7886179532936,41889702838408,92150291,Rotor Diamond Cufflinks,Default Title,,Rotor diamond cufflinks in rose gold meteorite background,Cufflinks,1600,,USD,YES,Default Title,,,diamond-cufflinks-stainless-steel-and-rose-gold,https://jacobandco.shop/products/diamond-cufflinks-stainless-steel-and-rose-gold,2026-08-19 05:22:54
VARIANT:41957656199304,7914048094344,41957656199304,91536020,Rotor Diamond Cufflinks,Default Title,,Rotor diamond cufflinks in rose gold with mother of pearl background,Cufflinks,6400,,USD,YES,Default Title,,,rotor-mother-of-pearl-cufflinks-rg,https://jacobandco.shop/products/rotor-mother-of-pearl-cufflinks-rg,2026-08-19 05:22:54
VARIANT:41958654869640,7914608296072,41958654869640,91536019,Rotor Diamond Cufflinks,Default Title,,Rotor diamond cufflinks in stainless steel with mother of pearl background,Cufflinks,6400,,USD,YES,Default Title,,,rotor-diamond-cufflinks-mother-of-pearl-ss,https://jacobandco.shop/products/rotor-diamond-cufflinks-mother-of-pearl-ss,2026-08-19 05:22:54
VARIANT:42089583280264,7962285932680,42089583280264,92561619,Roulette Casino Cufflinks,Default Title,,Casino roulette cufflinks in stainless steel and white diamond,Cufflinks,5700,,USD,YES,Default Title,,,roulette-casino-cufflinks-ss-diamonds,https://jacobandco.shop/products/roulette-casino-cufflinks-ss-diamonds,2026-08-19 05:22:54
VARIANT:42089641934984,7962300907656,42089641934984,92561618,Roulette Casino Cufflinks,Default Title,,Casino roulette cufflinks in rose gold and white diamond,Cufflinks,34500,,USD,YES,Default Title,,,roulette-casino-cufflinks-rosegold-diamond,https://jacobandco.shop/products/roulette-casino-cufflinks-rosegold-diamond,2026-08-19 05:22:54
VARIANT:42089648062600,7962302349448,42089648062600,92561620,Roulette Casino Cufflinks,Default Title,,Casino roulette cufflinks in stainless steel,Cufflinks,1100,,USD,YES,Default Title,,,roulette-casino-cufflinks-stainless-steel,https://jacobandco.shop/products/roulette-casino-cufflinks-stainless-steel,2026-08-19 05:22:54
VARIANT:41272159928456,6834395218056,41272159928456,92149130,Securus Bangle,16 cm,,Hand crafted in 18k white gold and set with 153 natural tsavorites and 25 white diamonds,Securus,18400,,USD,YES,16 cm,,,safety-pin-bracelet-5,https://jacobandco.shop/products/safety-pin-bracelet-5,2026-08-19 05:22:54
VARIANT:41272161763464,6834401247368,41272161763464,92149131,Securus Bangle,16 cm,,Hand crafted in 18k white gold and set with 153 high-quality natural rubies and 25 white diamonds,Securus,18400,,USD,YES,16 cm,,,securus-bracelet-5,https://jacobandco.shop/products/securus-bracelet-5,2026-08-19 05:22:54
VARIANT:41272162058376,6834385649800,41272162058376,92355268,Securus Bangle,16 cm,,Hand crafted in 18k white gold and set with 153 high-quality natural blue sapphires and 25 white diamonds,Securus,18400,,USD,YES,16 cm,,,securus-bracelet-4,https://jacobandco.shop/products/securus-bracelet-4,2026-08-19 05:22:54
VARIANT:41311923404936,7555275194504,41311923404936,92355048,Securus Diamond Bracelet,16,,Hand crafted in 18k rose gold and set with 183 high-quality round brilliant cut diamonds,Securus,16500,,USD,YES,16,,,securus-diamond-bracelet-rose-gold,https://jacobandco.shop/products/securus-diamond-bracelet-rose-gold,2026-08-19 05:22:54
VARIANT:41347125936264,7574988882056,41347125936264,92355050,Securus Diamond Bracelet,16,,Hand crafted in 18k white gold and set with 183 high-quality round brilliant cut diamonds,Securus,16500,,USD,YES,16,,,securus-diamond-bracelet-2,https://jacobandco.shop/products/securus-diamond-bracelet-2,2026-08-19 05:22:54
VARIANT:41311923437704,7555275194504,41311923437704,92355049,Securus Diamond Bracelet,17,,Hand crafted in 18k rose gold and set with 183 high-quality round brilliant cut diamonds,Securus,16500,,USD,YES,17,,,securus-diamond-bracelet-rose-gold,https://jacobandco.shop/products/securus-diamond-bracelet-rose-gold,2026-08-19 05:22:54
VARIANT:41347125969032,7574988882056,41347125969032,92355051,Securus Diamond Bracelet,17,,Hand crafted in 18k white gold and set with 183 high-quality round brilliant cut diamonds,Securus,16500,,USD,YES,17,,,securus-diamond-bracelet-2,https://jacobandco.shop/products/securus-diamond-bracelet-2,2026-08-19 05:22:54
VARIANT:42304697335944,7366313672840,42304697335944,92458909,Securus Diamond Bracelet,18cm,,Hand crafted in 18k white gold and set with 18 high-quality round brilliant cut diamonds,Securus,4000,,USD,YES,18cm,,,securus-diamond-bracelet,https://jacobandco.shop/products/securus-diamond-bracelet,2026-08-19 05:22:54
VARIANT:42304698187912,7369123037320,42304698187912,92458393,Securus Diamond Bracelet,18cm,,Hand crafted in 18k rose gold and set with 18 high-quality round brilliant cut diamonds,Securus,4000,,USD,YES,18cm,,,securus-diamond-bracelet-1,https://jacobandco.shop/products/securus-diamond-bracelet-1,2026-08-19 05:22:54
VARIANT:42557826564232,8198462734472,42557826564232,92046502,Securus Diamond Bracelet,18cm,Bracelet,Hand crafted in 18k rose gold and set with high-quality round brilliant cut diamonds,Securus,12500,,USD,YES,18cm,,,securus-all-around-diamond-bracelet-rose-gold,https://jacobandco.shop/products/securus-all-around-diamond-bracelet-rose-gold,2026-08-19 05:22:54
VARIANT:42557851795592,8198482165896,42557851795592,92148374,Securus Diamond Bracelet,18cm,Bracelet,Hand crafted in 18k white gold and set with high-quality round brilliant cut diamonds,Securus,12500,,USD,YES,18cm,,,securus-all-around-diamond-bracelet-white-gold,https://jacobandco.shop/products/securus-all-around-diamond-bracelet-white-gold,2026-08-19 05:22:54
VARIANT:42557876699272,8198499729544,42557876699272,92046889,Securus Diamond Choker,Default Title,Pendant,Hand crafted in 18k rose gold and set with high-quality round brilliant cut diamonds,Securus,28500,,USD,YES,Default Title,,,securus-all-around-diamond-choker,https://jacobandco.shop/products/securus-all-around-diamond-choker,2026-08-19 05:22:54
VARIANT:42557946134664,8198515196040,42557946134664,92251551,Securus Diamond Choker,Default Title,Pendant,Hand crafted in 18k white gold and set with high-quality round brilliant cut diamonds,Securus,28500,,USD,YES,Default Title,,,securus-all-around-diamond-choker-white-gold,https://jacobandco.shop/products/securus-all-around-diamond-choker-white-gold,2026-08-19 05:22:54
VARIANT:40138226761864,6834377588872,40138226761864,92149937,Securus Diamond Earrings,Default Title,,Hand crafted in 18k rose gold and set with 350 high-quality round brilliant cut diamonds,Securus,16900,,USD,YES,Default Title,,,safety-pin-earrings-4,https://jacobandco.shop/products/safety-pin-earrings-4,2026-08-19 05:22:54
VARIANT:40138309763208,6834415206536,40138309763208,92148369,Securus Diamond Earrings,Default Title,,Hand crafted in 18k white gold and set with 347 high-quality round brilliant cut diamonds,Securus,16900,,USD,YES,Default Title,,,safety-pin-earrings-3,https://jacobandco.shop/products/safety-pin-earrings-3,2026-08-19 05:22:54
VARIANT:40079555068040,6815202508936,40079555068040,92355272,Securus Diamond Necklace,Default Title,,Hand crafted in 18k white gold and set with 34 high-quality round brilliant cut diamonds,Securus,5300,,USD,YES,Default Title,,,securus-necklace-2,https://jacobandco.shop/products/securus-necklace-2,2026-08-19 05:22:54
VARIANT:41133427425416,7373184270472,41133427425416,92353782,Securus Diamond Necklace,Default Title,,Hand crafted in 18k rose gold and set with 34 high-quality round brilliant cut diamonds,Securus,5300,,USD,YES,Default Title,,,securus-necklace-3,https://jacobandco.shop/products/securus-necklace-3,2026-08-19 05:22:54
VARIANT:42557719314568,8198406865032,42557719314568,92354078,Securus Diamond Pin,Default Title,Pin,Hand crafted in 18k rose gold and high-quality round brilliant cut diamonds,Securus,3300,,USD,YES,Default Title,,,securus-diamond-pin,https://jacobandco.shop/products/securus-diamond-pin,2026-08-19 05:22:54
VARIANT:42557739335816,8198423052424,42557739335816,92148846,Securus Diamond Pin,Default Title,Pin,Hand crafted in 18k white gold and high-quality round brilliant cut diamonds,Securus,3300,,USD,YES,Default Title,,,securus-diamond-pin-white-gold,https://jacobandco.shop/products/securus-diamond-pin-white-gold,2026-08-19 05:22:54
VARIANT:40216454791304,6825820848264,40216454791304,92354794,Securus Diamond Ring,6,,Hand crafted in 18k rose gold and set with 64 high-quality round brilliant cut diamonds,Securus,7200,,USD,YES,6,,,securus-ring-2,https://jacobandco.shop/products/securus-ring-2,2026-08-19 05:22:54
VARIANT:40216462983304,6825874292872,40216462983304,92354790,Securus Diamond Ring,6,,Hand crafted in 18k white gold and set with 64 high-quality round brilliant cut diamonds,Securus,7200,,USD,YES,6,,,securus-ring-1,https://jacobandco.shop/products/securus-ring-1,2026-08-19 05:22:54
VARIANT:40216469110920,6834374181000,40216469110920,92354800,Securus Diamond Ring,6,,Hand crafted in 18k rose gold and set with 215 high-quality round brilliant cut diamonds,Securus,10400,,USD,YES,6,,,safety-pin-ring-1,https://jacobandco.shop/products/safety-pin-ring-1,2026-08-19 05:22:54
VARIANT:43337283928200,8503011082376,43337283928200,92354797,Securus Diamond Ring,6,,Hand crafted in 18k white gold and set with 215 high-quality round brilliant cut diamonds,Securus,10400,,USD,YES,6,,,securus-diamond-ring-white-gold-full-pave,https://jacobandco.shop/products/securus-diamond-ring-white-gold-full-pave,2026-08-19 05:22:54
VARIANT:40216454824072,6825820848264,40216454824072,92354795,Securus Diamond Ring,7,,Hand crafted in 18k rose gold and set with 64 high-quality round brilliant cut diamonds,Securus,7200,,USD,YES,7,,,securus-ring-2,https://jacobandco.shop/products/securus-ring-2,2026-08-19 05:22:54
VARIANT:40216463016072,6825874292872,40216463016072,92354792,Securus Diamond Ring,7,,Hand crafted in 18k white gold and set with 64 high-quality round brilliant cut diamonds,Securus,7200,,USD,YES,7,,,securus-ring-1,https://jacobandco.shop/products/securus-ring-1,2026-08-19 05:22:54
VARIANT:40216469143688,6834374181000,40216469143688,92354801,Securus Diamond Ring,7,,Hand crafted in 18k rose gold and set with 215 high-quality round brilliant cut diamonds,Securus,10400,,USD,YES,7,,,safety-pin-ring-1,https://jacobandco.shop/products/safety-pin-ring-1,2026-08-19 05:22:54
VARIANT:43337283993736,8503011082376,43337283993736,92354798,Securus Diamond Ring,7,,Hand crafted in 18k white gold and set with 215 high-quality round brilliant cut diamonds,Securus,10400,,USD,YES,7,,,securus-diamond-ring-white-gold-full-pave,https://jacobandco.shop/products/securus-diamond-ring-white-gold-full-pave,2026-08-19 05:22:54
VARIANT:40216454856840,6825820848264,40216454856840,92354796,Securus Diamond Ring,8,,Hand crafted in 18k rose gold and set with 64 high-quality round brilliant cut diamonds,Securus,7200,,USD,YES,8,,,securus-ring-2,https://jacobandco.shop/products/securus-ring-2,2026-08-19 05:22:54
VARIANT:40216463048840,6825874292872,40216463048840,92354793,Securus Diamond Ring,8,,Hand crafted in 18k white gold and set with 64 high-quality round brilliant cut diamonds,Securus,7200,,USD,YES,8,,,securus-ring-1,https://jacobandco.shop/products/securus-ring-1,2026-08-19 05:22:54
VARIANT:40216469176456,6834374181000,40216469176456,92354802,Securus Diamond Ring,8,,Hand crafted in 18k rose gold and set with 215 high-quality round brilliant cut diamonds,Securus,10400,,USD,YES,8,,,safety-pin-ring-1,https://jacobandco.shop/products/safety-pin-ring-1,2026-08-19 05:22:54
VARIANT:43337284059272,8503011082376,43337284059272,92354799,Securus Diamond Ring,8,,Hand crafted in 18k white gold and set with 215 high-quality round brilliant cut diamonds,Securus,10400,,USD,YES,8,,,securus-diamond-ring-white-gold-full-pave,https://jacobandco.shop/products/securus-diamond-ring-white-gold-full-pave,2026-08-19 05:22:54
VARIANT:42304699203720,6825206382728,42304699203720,92149247,Securus Double Pin Bracelet,18cm,,Hand crafted in 18k white gold and set with 36 high-quality round brilliant cut diamonds,Securus,3500,,USD,YES,18cm,,,securus-bracelet-white-gold,https://jacobandco.shop/products/securus-bracelet-white-gold,2026-08-19 05:22:54
VARIANT:42304700153992,7366297976968,42304700153992,92253004,Securus Double Pin Bracelet,18cm,,Hand crafted in 18k rose gold and set with 36 high-quality round brilliant cut diamonds,Securus,3500,,USD,YES,18cm,,,securus-double-pin-bracelet,https://jacobandco.shop/products/securus-double-pin-bracelet,2026-08-19 05:22:54
VARIANT:42304697041032,6828128043144,42304697041032,92562122,Securus Ruby Bracelet,18cm,,Hand crafted in 18k rose gold and set with 21 high-quality round brilliant cut rubies,Securus,3100,,USD,YES,18cm,,,securus-bracelet-rubies,https://jacobandco.shop/products/securus-bracelet-rubies,2026-08-19 05:22:54
VARIANT:42304705626248,7920783589512,42304705626248,92251934,Securus Ruby Bracelet,18cm,,Hand crafted in 18k rose gold and set with high-quality round brilliant cut rubies,Securus,8000,,USD,YES,18cm,,,small-securus-ruby-bracelet,https://jacobandco.shop/products/small-securus-ruby-bracelet,2026-08-19 05:22:54
VARIANT:42304696221832,6825221390472,42304696221832,92458626,Securus Sapphire Bracelet,18cm,,Hand crafted in 18k white gold and set with 21 high-quality round brilliant cut blue sapphires,Securus,3100,,USD,YES,18cm,,,securus-bracelet-3,https://jacobandco.shop/products/securus-bracelet-3,2026-08-19 05:22:54
VARIANT:42304703692936,7920793878664,42304703692936,92251932,Securus Sapphire Bracelet,18cm,,Hand crafted in 18k white gold and set with high-quality round brilliant cut blue sapphires,Securus,8000,,USD,YES,18cm,,,small-securus-sapphire-bracelet,https://jacobandco.shop/products/small-securus-sapphire-bracelet,2026-08-19 05:22:54
VARIANT:41998703198344,7928058445960,41998703198344,92355270,Securus Sapphire Earrings,Default Title,,Hand crafted in 18k white gold and set with high-quality round brilliant cut blue sapphires,Securus,15500,,USD,YES,Default Title,,,securus-sapphire-earrings,https://jacobandco.shop/products/securus-sapphire-earrings,2026-08-19 05:22:54
VARIANT:42304704315528,7920797384840,42304704315528,92251932,Securus Tsavorites Bracelet,18cm,,Hand crafted in 18k white gold and set with high-quality round brilliant cut tsavorites,Securus,8000,,USD,YES,18cm,,,small-securus-tsavorites-bracelet,https://jacobandco.shop/products/small-securus-tsavorites-bracelet,2026-08-19 05:22:54
VARIANT:42557580181640,8198316228744,42557580181640,92458977,Securus Tsavorites Bracelet,18cm,Bracelet,Hand crafted in 18k white gold and set with 21 high-quality round brilliant cut tsavorites,Securus,3100,,USD,YES,18cm,,,securus-tsavorites-bracelet,https://jacobandco.shop/products/securus-tsavorites-bracelet,2026-08-19 05:22:54
VARIANT:42305067974792,7778089402504,42305067974792,92356203,Sharq Bracelet,18cm,,Hand crafted in 18k rose gold,Sharq,5900,,USD,YES,18cm,,,sharq-bracelet,https://jacobandco.shop/products/sharq-bracelet,2026-08-19 05:22:54
VARIANT:42305068171400,7778128953480,42305068171400,92457260,Sharq Bracelet,18cm,,Hand crafted in 18k white gold,Sharq,5900,,USD,YES,18cm,,,sharq-bracelet-1,https://jacobandco.shop/products/sharq-bracelet-1,2026-08-19 05:22:54
VARIANT:42305118470280,7778139832456,42305118470280,92457262,Sharq Bracelet,18cm,,Hand crafted in 18k yellow gold,Sharq,5900,,USD,YES,18cm,,,sharq-bracelet-6,https://jacobandco.shop/products/sharq-bracelet-6,2026-08-19 05:22:54
VARIANT:42305119912072,6920711700616,42305119912072,92149935,Sharq Diamond Bracelet,21cm,,Hand crafted in 18k white gold and set with 44 high-quality round brilliant cut diamonds,Sharq,6800,,USD,YES,21cm,,,sharq-bracelet-5,https://jacobandco.shop/products/sharq-bracelet-5,2026-08-19 05:22:54
VARIANT:40391855702152,6912612237448,40391855702152,92354653,Sharq Diamond Bracelet,Default Title,,Hand crafted in 18k rose gold and set with 61 high-quality round brilliant cut diamonds,Sharq,6800,,USD,YES,Default Title,,,sharq-bracelet-2,https://jacobandco.shop/products/sharq-bracelet-2,2026-08-19 05:22:54
VARIANT:40414946492552,6920675262600,40414946492552,92149973,Sharq Diamond Bracelet,Default Title,,Hand crafted in 18k white gold and set with 76 high-quality round brilliant cut diamonds and 1 cut green topaz,Sharq,3400,,USD,YES,Default Title,,,sharq-bracelet-3,https://jacobandco.shop/products/sharq-bracelet-3,2026-08-19 05:22:54
VARIANT:40415025430664,6920705704072,40415025430664,92149934,Sharq Diamond Bracelet,Default Title,,Hand crafted in 18k rose gold and set with 44 high-quality round brilliant cut diamonds,Sharq,6800,,USD,YES,Default Title,,,sharq-bracelet-4,https://jacobandco.shop/products/sharq-bracelet-4,2026-08-19 05:22:54
VARIANT:40391896989832,6912619970696,40391896989832,92354172,Sharq Diamond Necklace,Default Title,Pendant,Hand crafted in 18k rose gold and set with 61 high-quality round brilliant cut diamonds,Sharq,5700,,USD,YES,Default Title,,,sharq-necklace-1,https://jacobandco.shop/products/sharq-necklace-1,2026-08-19 05:22:54
VARIANT:40391911932040,6912623640712,40391911932040,92150530,Sharq Necklace,Default Title,,Hand crafted in 18k yellow gold,Sharq,10500,,USD,YES,Default Title,,,sharq-necklace-2,https://jacobandco.shop/products/sharq-necklace-2,2026-08-19 05:22:54
VARIANT:41140290322568,7379896926344,41140290322568,92354465,Sharq Necklace,Default Title,,Hand crafted in 18k white gold,Sharq,10500,,USD,YES,Default Title,,,sharq-necklace,https://jacobandco.shop/products/sharq-necklace,2026-08-19 05:22:54
VARIANT:44358636765320,8702915117192,44358636765320,92562378,Sharq Necklace,Default Title,,Hand crafted in 18k rose gold,Sharq,10500,,USD,YES,Default Title,,,sharq-necklace-rose-gold,https://jacobandco.shop/products/sharq-necklace-rose-gold,2026-08-19 05:22:54
VARIANT:40414984306824,6920690270344,40414984306824,92149933,Sharq Pendant,Default Title,,Hand crafted in 18k white gold and set with 202 high-quality round brilliant cut diamonds,Sharq,21000,,USD,YES,Default Title,,,sharq-pendant-1,https://jacobandco.shop/products/sharq-pendant-1,2026-08-19 05:22:54
VARIANT:40414994694280,6920694431880,40414994694280,92459241,Sharq Pendant,Default Title,,Hand crafted in 18k rose gold and set with 202 high-quality round brilliant cut diamonds,Sharq,21000,,USD,YES,Default Title,,,sharq-pendant-2,https://jacobandco.shop/products/sharq-pendant-2,2026-08-19 05:22:54
VARIANT:42305187577992,7943612268680,42305187577992,92354835,Sharq Prayer Beads,10,,Hand crafted in platinum with 34 black diamond beads,Sharq,41000,,USD,YES,10,,,sharq-prayer-beads,https://jacobandco.shop/products/sharq-prayer-beads,2026-08-19 05:22:54
VARIANT:42305187610760,7914316071048,42305187610760,92355826,Sharq Prayer Beads,10,,Hand crafted in platinum with 34 blue lapis beads,Sharq,14000,,USD,YES,10,,,prayer-beads,https://jacobandco.shop/products/prayer-beads,2026-08-19 05:22:54
VARIANT:42304806584456,7849478455432,42304806584456,92148661,Spread The Love Bracelet,16cm,,Hand crafted in 18k yellow gold and set with 22 high-quality round brilliant cut diamonds,Spread The Love,24000,,USD,YES,16cm,,,spread-the-love-bracelet,https://jacobandco.shop/products/spread-the-love-bracelet,2026-08-19 05:22:54
VARIANT:41825596637320,7849439330440,41825596637320,91944316,Spread The Love Necklace,Default Title,,Hand crafted in 18k yellow gold and set with 30 high-quality round brilliant cut diamonds,Spread The Love,73000,,USD,YES,Default Title,,,spread-the-love-necklace,https://jacobandco.shop/products/spread-the-love-necklace,2026-08-19 05:22:54
VARIANT:41829105696904,7851338891400,41829105696904,92253372,Spread The Love Necklace,Default Title,,Hand crafted in 18k yellow gold and set with 3 high-quality round brilliant cut diamonds,Spread The Love,13000,,USD,YES,Default Title,,,spread-the-love-necklace-1,https://jacobandco.shop/products/spread-the-love-necklace-1,2026-08-19 05:22:54
VARIANT:43096307794056,7953210966152,43096307794056,92459516,Super Arrow Bracelet,15,,Hand crafted in 18k white gold,Super Arrow,17600,,USD,YES,15,,,super-arrow-bracelet,https://jacobandco.shop/products/super-arrow-bracelet,2026-08-19 05:22:54
VARIANT:43096318509192,7953204150408,43096318509192,92457809,Super Arrow Bracelet,15,,Hand crafted in 18k rose gold,Super Arrow,17600,,USD,YES,15,,,super-arrow-bracelet-rose-gold,https://jacobandco.shop/products/super-arrow-bracelet-rose-gold,2026-08-19 05:22:54
VARIANT:43096326701192,7953206837384,43096326701192,92459517,Super Arrow Bracelet,15,,Hand crafted in 18k yellow gold,Super Arrow,17600,,USD,YES,15,,,super-arrow-bracelet-yellow-gold,https://jacobandco.shop/products/super-arrow-bracelet-yellow-gold,2026-08-19 05:22:54
VARIANT:43096307826824,7953210966152,43096307826824,92459516,Super Arrow Bracelet,16,,Hand crafted in 18k white gold,Super Arrow,17600,,USD,YES,16,,,super-arrow-bracelet,https://jacobandco.shop/products/super-arrow-bracelet,2026-08-19 05:22:54
VARIANT:43096318541960,7953204150408,43096318541960,92457809,Super Arrow Bracelet,16,,Hand crafted in 18k rose gold,Super Arrow,17600,,USD,YES,16,,,super-arrow-bracelet-rose-gold,https://jacobandco.shop/products/super-arrow-bracelet-rose-gold,2026-08-19 05:22:54
VARIANT:43096326733960,7953206837384,43096326733960,92459517,Super Arrow Bracelet,16,,Hand crafted in 18k yellow gold,Super Arrow,17600,,USD,YES,16,,,super-arrow-bracelet-yellow-gold,https://jacobandco.shop/products/super-arrow-bracelet-yellow-gold,2026-08-19 05:22:54
VARIANT:43096307859592,7953210966152,43096307859592,92459516,Super Arrow Bracelet,17,,Hand crafted in 18k white gold,Super Arrow,17600,,USD,YES,17,,,super-arrow-bracelet,https://jacobandco.shop/products/super-arrow-bracelet,2026-08-19 05:22:54
VARIANT:43096318574728,7953204150408,43096318574728,92457809,Super Arrow Bracelet,17,,Hand crafted in 18k rose gold,Super Arrow,17600,,USD,YES,17,,,super-arrow-bracelet-rose-gold,https://jacobandco.shop/products/super-arrow-bracelet-rose-gold,2026-08-19 05:22:54
VARIANT:43096326766728,7953206837384,43096326766728,92459517,Super Arrow Bracelet,17,,Hand crafted in 18k yellow gold,Super Arrow,17600,,USD,YES,17,,,super-arrow-bracelet-yellow-gold,https://jacobandco.shop/products/super-arrow-bracelet-yellow-gold,2026-08-19 05:22:54
VARIANT:42963705299080,7953196122248,42963705299080,92458304,Super Arrow Diamond Bracelet,15,,Hand crafted in 18k rose gold and set with 106 high-quality round brilliant cut diamonds,Super Arrow,18300,,USD,YES,15,,,super-arrow-diamond-bracelet-rose-gold,https://jacobandco.shop/products/super-arrow-diamond-bracelet-rose-gold,2026-08-19 05:22:54
VARIANT:42963708674184,7953201201288,42963708674184,92458328,Super Arrow Diamond Bracelet,15,,Hand crafted in 18k white gold and set with 106 high-quality round brilliant cut diamonds,Super Arrow,18300,,USD,YES,15,,,super-arrow-diamond-bracelet,https://jacobandco.shop/products/super-arrow-diamond-bracelet,2026-08-19 05:22:54
VARIANT:42963709591688,7953202970760,42963709591688,92458330,Super Arrow Diamond Bracelet,15,,Hand crafted in 18k yellow gold and set with 106 high-quality round brilliant cut diamonds,Super Arrow,18300,,USD,YES,15,,,super-arrow-diamond-bracelet-yellowgold,https://jacobandco.shop/products/super-arrow-diamond-bracelet-yellowgold,2026-08-19 05:22:54
VARIANT:42963705331848,7953196122248,42963705331848,92458304,Super Arrow Diamond Bracelet,16,,Hand crafted in 18k rose gold and set with 106 high-quality round brilliant cut diamonds,Super Arrow,18300,,USD,YES,16,,,super-arrow-diamond-bracelet-rose-gold,https://jacobandco.shop/products/super-arrow-diamond-bracelet-rose-gold,2026-08-19 05:22:54
VARIANT:42963708706952,7953201201288,42963708706952,92458328,Super Arrow Diamond Bracelet,16,,Hand crafted in 18k white gold and set with 106 high-quality round brilliant cut diamonds,Super Arrow,18300,,USD,YES,16,,,super-arrow-diamond-bracelet,https://jacobandco.shop/products/super-arrow-diamond-bracelet,2026-08-19 05:22:54
VARIANT:42963709624456,7953202970760,42963709624456,92458330,Super Arrow Diamond Bracelet,16,,Hand crafted in 18k yellow gold and set with 106 high-quality round brilliant cut diamonds,Super Arrow,18300,,USD,YES,16,,,super-arrow-diamond-bracelet-yellowgold,https://jacobandco.shop/products/super-arrow-diamond-bracelet-yellowgold,2026-08-19 05:22:54
VARIANT:43096340234376,7953201201288,43096340234376,92458328,Super Arrow Diamond Bracelet,17,,Hand crafted in 18k white gold and set with 106 high-quality round brilliant cut diamonds,Super Arrow,18300,,USD,YES,17,,,super-arrow-diamond-bracelet,https://jacobandco.shop/products/super-arrow-diamond-bracelet,2026-08-19 05:22:54
VARIANT:43096353538184,7953196122248,43096353538184,92458304,Super Arrow Diamond Bracelet,17,,Hand crafted in 18k rose gold and set with 106 high-quality round brilliant cut diamonds,Super Arrow,18300,,USD,YES,17,,,super-arrow-diamond-bracelet-rose-gold,https://jacobandco.shop/products/super-arrow-diamond-bracelet-rose-gold,2026-08-19 05:22:54
VARIANT:43096358355080,7953202970760,43096358355080,92458330,Super Arrow Diamond Bracelet,17,,Hand crafted in 18k yellow gold and set with 106 high-quality round brilliant cut diamonds,Super Arrow,18300,,USD,YES,17,,,super-arrow-diamond-bracelet-yellowgold,https://jacobandco.shop/products/super-arrow-diamond-bracelet-yellowgold,2026-08-19 05:22:54
VARIANT:42069596569736,7953152475272,42069596569736,92458305,Super Arrow Diamond Earrings,Default Title,,Hand crafted in 18k rose gold and set with 56 high-quality round brilliant cut diamonds,Super Arrow,8800,,USD,YES,Default Title,,,super-arrow-diamond-earrings-rose-gold,https://jacobandco.shop/products/super-arrow-diamond-earrings-rose-gold,2026-08-19 05:22:54
VARIANT:42069630877832,7953158504584,42069630877832,92458306,Super Arrow Diamond Earrings,Default Title,,Hand crafted in 18k white gold and set with 56 high-quality round brilliant cut diamonds,Super Arrow,8800,,USD,YES,Default Title,,,super-arrow-diamond-earrings-white-gold,https://jacobandco.shop/products/super-arrow-diamond-earrings-white-gold,2026-08-19 05:22:54
VARIANT:42069650210952,7953161584776,42069650210952,92458307,Super Arrow Diamond Earrings,Default Title,,Hand crafted in 18k yellow gold and set with 56 high-quality round brilliant cut diamonds,Super Arrow,8800,,USD,YES,Default Title,,,super-arrow-diamond-earrings-yellow-gold,https://jacobandco.shop/products/super-arrow-diamond-earrings-yellow-gold,2026-08-19 05:22:54
VARIANT:42068125057160,7952972054664,42068125057160,92458826,Super Arrow Diamond Pendant,Default Title,,Hand crafted in 18k rose gold and set with 28 high-quality round brilliant cut diamonds,Super Arrow,5000,,USD,YES,Default Title,,,super-arrow-diamond-pendant-rose-gold,https://jacobandco.shop/products/super-arrow-diamond-pendant-rose-gold,2026-08-19 05:22:54
VARIANT:42068138066056,7952973791368,42068138066056,92458934,Super Arrow Diamond Pendant,Default Title,,Hand crafted in 18k white gold and set with 28 high-quality round brilliant cut diamonds,Super Arrow,5000,,USD,YES,Default Title,,,super-arrow-diamond-pendant-white-gold,https://jacobandco.shop/products/super-arrow-diamond-pendant-white-gold,2026-08-19 05:22:54
VARIANT:42068156022920,7952975495304,42068156022920,92458936,Super Arrow Diamond Pendant,Default Title,,Hand crafted in 18k yellow gold and set with 28 high-quality round brilliant cut diamonds,Super Arrow,5000,,USD,YES,Default Title,,,super-arrow-diamond-pendant-yellow-gold,https://jacobandco.shop/products/super-arrow-diamond-pendant-yellow-gold,2026-08-19 05:22:54
VARIANT:42068890026120,7953052762248,42068890026120,92458461,Super Arrow Diamond Ring,5,,Hand crafted in 18k rose gold and set with 28 high-quality round brilliant cut diamonds,Super Arrow,4900,,USD,YES,5,,,super-arrow-diamond-ring-rose-gold,https://jacobandco.shop/products/super-arrow-diamond-ring-rose-gold,2026-08-19 05:22:54
VARIANT:42068901429384,7953056727176,42068901429384,92458325,Super Arrow Diamond Ring,5,,Hand crafted in 18k white gold and set with 28 high-quality round brilliant cut diamonds,Super Arrow,4900,,USD,YES,5,,,super-arrow-diamond-ring-white-gold,https://jacobandco.shop/products/super-arrow-diamond-ring-white-gold,2026-08-19 05:22:54
VARIANT:42068912963720,7953057972360,42068912963720,92458460,Super Arrow Diamond Ring,5,,Hand crafted in 18k yellow gold and set with 28 high-quality round brilliant cut diamonds,Super Arrow,4900,,USD,YES,5,,,super-arrow-diamond-ring-yellow-gold,https://jacobandco.shop/products/super-arrow-diamond-ring-yellow-gold,2026-08-19 05:22:54
VARIANT:42068890058888,7953052762248,42068890058888,92458461,Super Arrow Diamond Ring,6,,Hand crafted in 18k rose gold and set with 28 high-quality round brilliant cut diamonds,Super Arrow,4900,,USD,YES,6,,,super-arrow-diamond-ring-rose-gold,https://jacobandco.shop/products/super-arrow-diamond-ring-rose-gold,2026-08-19 05:22:54
VARIANT:42068901462152,7953056727176,42068901462152,92458325,Super Arrow Diamond Ring,6,,Hand crafted in 18k white gold and set with 28 high-quality round brilliant cut diamonds,Super Arrow,4900,,USD,YES,6,,,super-arrow-diamond-ring-white-gold,https://jacobandco.shop/products/super-arrow-diamond-ring-white-gold,2026-08-19 05:22:54
VARIANT:42068912996488,7953057972360,42068912996488,92458460,Super Arrow Diamond Ring,6,,Hand crafted in 18k yellow gold and set with 28 high-quality round brilliant cut diamonds,Super Arrow,4900,,USD,YES,6,,,super-arrow-diamond-ring-yellow-gold,https://jacobandco.shop/products/super-arrow-diamond-ring-yellow-gold,2026-08-19 05:22:54
VARIANT:42068890091656,7953052762248,42068890091656,92458461,Super Arrow Diamond Ring,7,,Hand crafted in 18k rose gold and set with 28 high-quality round brilliant cut diamonds,Super Arrow,4900,,USD,YES,7,,,super-arrow-diamond-ring-rose-gold,https://jacobandco.shop/products/super-arrow-diamond-ring-rose-gold,2026-08-19 05:22:54
VARIANT:42068901494920,7953056727176,42068901494920,92458325,Super Arrow Diamond Ring,7,,Hand crafted in 18k white gold and set with 28 high-quality round brilliant cut diamonds,Super Arrow,4900,,USD,YES,7,,,super-arrow-diamond-ring-white-gold,https://jacobandco.shop/products/super-arrow-diamond-ring-white-gold,2026-08-19 05:22:54
VARIANT:42068913029256,7953057972360,42068913029256,92458460,Super Arrow Diamond Ring,7,,Hand crafted in 18k yellow gold and set with 28 high-quality round brilliant cut diamonds,Super Arrow,4900,,USD,YES,7,,,super-arrow-diamond-ring-yellow-gold,https://jacobandco.shop/products/super-arrow-diamond-ring-yellow-gold,2026-08-19 05:22:54
VARIANT:42068890124424,7953052762248,42068890124424,92458461,Super Arrow Diamond Ring,8,,Hand crafted in 18k rose gold and set with 28 high-quality round brilliant cut diamonds,Super Arrow,4900,,USD,YES,8,,,super-arrow-diamond-ring-rose-gold,https://jacobandco.shop/products/super-arrow-diamond-ring-rose-gold,2026-08-19 05:22:54
VARIANT:42068901527688,7953056727176,42068901527688,92458325,Super Arrow Diamond Ring,8,,Hand crafted in 18k white gold and set with 28 high-quality round brilliant cut diamonds,Super Arrow,4900,,USD,YES,8,,,super-arrow-diamond-ring-white-gold,https://jacobandco.shop/products/super-arrow-diamond-ring-white-gold,2026-08-19 05:22:54
VARIANT:42068913062024,7953057972360,42068913062024,92458460,Super Arrow Diamond Ring,8,,Hand crafted in 18k yellow gold and set with 28 high-quality round brilliant cut diamonds,Super Arrow,4900,,USD,YES,8,,,super-arrow-diamond-ring-yellow-gold,https://jacobandco.shop/products/super-arrow-diamond-ring-yellow-gold,2026-08-19 05:22:54
VARIANT:42069660696712,7953162862728,42069660696712,92458546,Super Arrow Earrings,Default Title,,Hand crafted in 18k rose gold,Super Arrow,8000,,USD,YES,Default Title,,,super-arrow-earrings-rose-gold,https://jacobandco.shop/products/super-arrow-earrings-rose-gold,2026-08-19 05:22:54
VARIANT:42069669838984,7953164533896,42069669838984,92458335,Super Arrow Earrings,Default Title,,Hand crafted in 18k yellow gold,Super Arrow,8000,,USD,YES,Default Title,,,super-arrow-earrings-yellow-gold,https://jacobandco.shop/products/super-arrow-earrings-yellow-gold,2026-08-19 05:22:54
VARIANT:42069675507848,7953165582472,42069675507848,92458334,Super Arrow Earrings,Default Title,,Hand crafted in 18k white gold,Super Arrow,8000,,USD,YES,Default Title,,,super-arrow-earrings-white-gold,https://jacobandco.shop/products/super-arrow-earrings-white-gold,2026-08-19 05:22:54
VARIANT:42068251869320,7952986538120,42068251869320,92458988,Super Arrow Pendant,Default Title,,Hand crafted in 18k white gold,Super Arrow,4600,,USD,YES,Default Title,,,super-arrow-pendant-white-gold,https://jacobandco.shop/products/super-arrow-pendant-white-gold,2026-08-19 05:22:54
VARIANT:42068267925640,7952988340360,42068267925640,92458990,Super Arrow Pendant,Default Title,,Hand crafted in 18k yellow gold,Super Arrow,4600,,USD,YES,Default Title,,,super-arrow-pendant-yellow-gold,https://jacobandco.shop/products/super-arrow-pendant-yellow-gold,2026-08-19 05:22:54
VARIANT:42493593747592,7952980705416,42493593747592,92458989,Super Arrow Pendant,Default Title,,Hand crafted in 18k rose gold,Super Arrow,4600,,USD,YES,Default Title,,,super-arrow-pendant-rose-gold,https://jacobandco.shop/products/super-arrow-pendant-rose-gold,2026-08-19 05:22:54
VARIANT:42068926333064,7953059905672,42068926333064,92458829,Super Arrow Ring,5,,Hand crafted in 18k rose gold,Super Arrow,4500,,USD,YES,5,,,super-arrow-ring-rose-gold,https://jacobandco.shop/products/super-arrow-ring-rose-gold,2026-08-19 05:22:54
VARIANT:42069032796296,7953076355208,42069032796296,92458828,Super Arrow Ring,5,,Hand crafted in 18k white gold,Super Arrow,4500,,USD,YES,5,,,super-arrow-ring-white-gold,https://jacobandco.shop/products/super-arrow-ring-white-gold,2026-08-19 05:22:54
VARIANT:42069038071944,7953077239944,42069038071944,92458830,Super Arrow Ring,5,,Hand crafted in 18k yellow gold,Super Arrow,4500,,USD,YES,5,,,super-arrow-ring-yellow-gold,https://jacobandco.shop/products/super-arrow-ring-yellow-gold,2026-08-19 05:22:54
VARIANT:42068926365832,7953059905672,42068926365832,92458829,Super Arrow Ring,6,,Hand crafted in 18k rose gold,Super Arrow,4500,,USD,YES,6,,,super-arrow-ring-rose-gold,https://jacobandco.shop/products/super-arrow-ring-rose-gold,2026-08-19 05:22:54
VARIANT:42069032829064,7953076355208,42069032829064,92458828,Super Arrow Ring,6,,Hand crafted in 18k white gold,Super Arrow,4500,,USD,YES,6,,,super-arrow-ring-white-gold,https://jacobandco.shop/products/super-arrow-ring-white-gold,2026-08-19 05:22:54
VARIANT:42069038104712,7953077239944,42069038104712,92458830,Super Arrow Ring,6,,Hand crafted in 18k yellow gold,Super Arrow,4500,,USD,YES,6,,,super-arrow-ring-yellow-gold,https://jacobandco.shop/products/super-arrow-ring-yellow-gold,2026-08-19 05:22:54
VARIANT:42068926398600,7953059905672,42068926398600,92458829,Super Arrow Ring,7,,Hand crafted in 18k rose gold,Super Arrow,4500,,USD,YES,7,,,super-arrow-ring-rose-gold,https://jacobandco.shop/products/super-arrow-ring-rose-gold,2026-08-19 05:22:54
VARIANT:42069032861832,7953076355208,42069032861832,92458828,Super Arrow Ring,7,,Hand crafted in 18k white gold,Super Arrow,4500,,USD,YES,7,,,super-arrow-ring-white-gold,https://jacobandco.shop/products/super-arrow-ring-white-gold,2026-08-19 05:22:54
VARIANT:42069038137480,7953077239944,42069038137480,92458830,Super Arrow Ring,7,,Hand crafted in 18k yellow gold,Super Arrow,4500,,USD,YES,7,,,super-arrow-ring-yellow-gold,https://jacobandco.shop/products/super-arrow-ring-yellow-gold,2026-08-19 05:22:54
VARIANT:42068926431368,7953059905672,42068926431368,92458829,Super Arrow Ring,8,,Hand crafted in 18k rose gold,Super Arrow,4500,,USD,YES,8,,,super-arrow-ring-rose-gold,https://jacobandco.shop/products/super-arrow-ring-rose-gold,2026-08-19 05:22:54
VARIANT:42069032894600,7953076355208,42069032894600,92458828,Super Arrow Ring,8,,Hand crafted in 18k white gold,Super Arrow,4500,,USD,YES,8,,,super-arrow-ring-white-gold,https://jacobandco.shop/products/super-arrow-ring-white-gold,2026-08-19 05:22:54
VARIANT:42069038170248,7953077239944,42069038170248,92458830,Super Arrow Ring,8,,Hand crafted in 18k yellow gold,Super Arrow,4500,,USD,YES,8,,,super-arrow-ring-yellow-gold,https://jacobandco.shop/products/super-arrow-ring-yellow-gold,2026-08-19 05:22:54
VARIANT:40138343678088,6834426839176,40138343678088,92250784,Taken Necklace,Default Title,,Hand crafted in 18k rose gold and set with 4 high-quality round brilliant cut diamonds,Taken,18400,,USD,YES,Default Title,,,taken-necklace-1,https://jacobandco.shop/products/taken-necklace-1,2026-08-19 05:22:54
